{"stats":{"minecraft:dropped":{"minecraft:stone_hoe":2,"minecraft:bread":302,"minecraft:birch_planks":21,"minecraft:wheat_seeds":4,"minecraft:lilac":1,"minecraft:oak_log":64,"mvw:stone_warhammer":1,"minecraft:granite":14,"minecraft:chainmail_helmet":18,"minecraft:stick":2,"minecraft:diorite":24,"minecraft:wooden_axe":1,"gravestone:obituary":12,"pokeballhv:poke_ball_has_entity":1,"minecraft:chainmail_leggings":12,"minecraft:white_wool":2,"ring_of_teleport:ring_of_teleport":1,"minecraft:redstone":1,"minecraft:dandelion":3,"minecraft:smooth_basalt":8,"minecraft:bone":3,"minecraft:stone_axe":1,"mcwfurnitures:stripped_acacia_coffee_table":1,"minecraft:birch_sapling":3,"minecraft:diamond_hoe":16,"minecraft:tuff":1,"minecraft:obsidian":10,"minecraft:stone_shovel":41,"minecraft:iron_boots":10,"minecraft:diamond_shovel":1,"sophisticatedbackpacks:backpack":1,"minecraft:white_bed":5,"pokeballhv:poke_ball":7,"justhammers:stone_hammer":6,"minecraft:leather_chestplate":1,"minecraft:andesite":17,"minecraft:yellow_bed":3,"minecraft:oak_sapling":8,"minecraft:bow":1,"minecraft:stone_pickaxe":47,"minecraft:wooden_pickaxe":1,"minecraft:calcite":12},"minecraft:used":{"minecraft:oak_fence":18,"minecraft:iron_shovel":250,"minecraft:acacia_log":8,"minecraft:stone_sword":42,"minecraft:flint_and_steel":3,"mvw:stone_warhammer":126,"minecraft:stone_shovel":564,"minecraft:oak_sign":10,"minecraft:chest":2,"minecraft:cooked_salmon":15,"minecraft:stone_hoe":50,"ring_of_teleport:ring_of_teleport":12,"minecraft:oak_door":2,"minecraft:torch":64,"minecraft:dirt":175,"minecraft:anvil":1,"minecraft:hopper":9,"minecraft:cobblestone_wall":10,"mcwfurnitures:stripped_acacia_coffee_table":8,"minecraft:oak_fence_gate":4,"minecraft:obsidian":10,"minecraft:glass":208,"minecraft:lava_bucket":1,"mcwfurnitures:acacia_chair":8,"minecraft:oak_stairs":53,"minecraft:acacia_slab":99,"minecraft:bow":1,"minecraft:oak_sapling":175,"minecraft:furnace":3,"minecraft:acacia_planks":82,"minecraft:wheat_seeds":3,"minecraft:water_bucket":49,"minecraft:cobblestone_stairs":9,"minecraft:birch_planks":6,"minecraft:cartography_table":5,"minecraft:cauldron":2,"minecraft:stone_pickaxe":108,"minecraft:oak_planks":356,"minecraft:wooden_pickaxe":9,"minecraft:composter":2,"minecraft:fletching_table":5,"minecraft:cobblestone_slab":190,"minecraft:blast_furnace":4,"minecraft:sand":2,"minecraft:oak_slab":120,"minecraft:crafting_table":5,"minecraft:white_bed":16,"minecraft:oak_log":87,"minecraft:diamond_pickaxe":349,"minecraft:diamond_shovel":131,"minecraft:bread":89,"minecraft:iron_pickaxe":227,"minecraft:gravel":21,"justhammers:stone_hammer":111,"minecraft:stone_axe":1088,"minecraft:cobblestone":704,"minecraft:andesite":1,"minecraft:bucket":51,"minecraft:smithing_table":1,"minecraft:yellow_bed":16,"minecraft:stripped_oak_log":2,"minecraft:birch_stairs":8},"minecraft:killed":{"minecraft:spider":2,"minecraft:skeleton":18,"minecraft:wandering_trader":1,"minecraft:creeper":1,"minecraft:sheep":1,"minecraft:trader_llama":2,"minecraft:zombie":8,"minecraft:stray":3,"minecraft:enderman":4},"minecraft:broken":{"minecraft:iron_shovel":1,"minecraft:stone_axe":7,"minecraft:stone_shovel":4},"minecraft:crafted":{"minecraft:chainmail_helmet":18,"minecraft:smooth_stone":3,"minecraft:oak_door":3,"minecraft:oak_planks":3276,"minecraft:stone_shovel":36,"minecraft:oak_sign":9,"minecraft:diamond_hoe":17,"mvw:stone_warhammer":1,"minecraft:furnace":3,"minecraft:stone_button":3,"minecraft:blast_furnace":1,"minecraft:cobblestone_stairs":16,"minecraft:stone":24,"minecraft:diamond_shovel":1,"minecraft:bookshelf":1,"mcwfurnitures:acacia_chair":8,"minecraft:flint_and_steel":1,"minecraft:glass":159,"minecraft:hopper":9,"minecraft:iron_boots":11,"minecraft:stone_pickaxe":43,"minecraft:cobblestone_wall":6,"minecraft:chest":11,"minecraft:acacia_fence":24,"minecraft:stone_hoe":1,"minecraft:oak_fence":24,"minecraft:chainmail_leggings":12,"minecraft:wheat":450,"ring_of_teleport:ring_of_teleport":2,"minecraft:oak_slab":60,"minecraft:emerald":183,"minecraft:crafting_table":2,"minecraft:acacia_slab":84,"minecraft:iron_helmet":1,"minecraft:wooden_pickaxe":1,"minecraft:smithing_table":1,"minecraft:fletching_table":1,"minecraft:bucket":1,"minecraft:birch_planks":28,"minecraft:stone_axe":8,"pokeballhv:poke_ball":12,"minecraft:bread":414,"minecraft:air":0,"minecraft:oak_fence_gate":2,"minecraft:lectern":1,"mcwfurnitures:stripped_acacia_coffee_table":8,"minecraft:book":3,"minecraft:paper":9,"minecraft:iron_chestplate":1,"minecraft:diamond_pickaxe":1,"justhammers:stone_hammer":6,"minecraft:stick":5316,"minecraft:iron_ingot":74,"minecraft:iron_pickaxe":1,"minecraft:iron_block":3,"minecraft:iron_shovel":1,"minecraft:gold_ingot":8,"minecraft:iron_leggings":1,"minecraft:anvil":1,"minecraft:white_bed":2,"minecraft:acacia_planks":156,"minecraft:torch":32,"minecraft:birch_stairs":8},"minecraft:picked_up":{"pokeballhv:poke_ball":68,"minecraft:crafting_table":5,"minecraft:wheat":34,"minecraft:lead":2,"minecraft:wooden_pickaxe":1,"minecraft:oak_stairs":61,"gravestone:obituary":3,"minecraft:amethyst_block":9,"minecraft:string":9,"minecraft:raw_copper":34,"minecraft:cooked_salmon":12,"minecraft:oak_sign":1,"minecraft:cartography_table":6,"minecraft:cobbled_deepslate":53,"mcwfurnitures:acacia_chair":3,"minecraft:cobblestone_slab":16,"minecraft:calcite":12,"minecraft:poppy":11,"mcwfurnitures:stripped_acacia_coffee_table":5,"minecraft:sugar_cane":18,"minecraft:birch_sapling":7,"minecraft:furnace":1,"minecraft:tipped_arrow":1,"minecraft:stick":168,"minecraft:raw_iron":82,"mvw:stone_warhammer":2,"minecraft:composter":2,"minecraft:torch":22,"minecraft:acacia_log":63,"sophisticatedbackpacks:backpack":1,"minecraft:pointed_dripstone":31,"minecraft:diorite":35,"minecraft:redstone":61,"minecraft:cauldron":6,"pokeballhv:poke_ball_has_entity":50,"minecraft:arrow":36,"minecraft:stone_shovel":11,"minecraft:rotten_flesh":10,"minecraft:hay_block":50,"minecraft:bone_block":1,"minecraft:obsidian":18,"minecraft:mutton":4,"minecraft:white_wool":4,"minecraft:cobblestone":890,"minecraft:stripped_oak_log":2,"minecraft:birch_log":7,"minecraft:leather_chestplate":3,"minecraft:lilac":2,"minecraft:andesite":18,"minecraft:leather":4,"minecraft:birch_planks":41,"minecraft:flint":4,"minecraft:tuff":1,"minecraft:oak_log":1044,"minecraft:yellow_bed":15,"minecraft:cobblestone_wall":7,"minecraft:gunpowder":6,"minecraft:cobblestone_stairs":21,"minecraft:lapis_lazuli":15,"minecraft:dirt":1168,"minecraft:oak_fence_gate":2,"minecraft:bone":34,"minecraft:acacia_planks":24,"minecraft:apple":20,"minecraft:bow":2,"minecraft:wheat_seeds":88,"minecraft:raw_gold":32,"minecraft:bell":1,"minecraft:iron_ingot":46,"minecraft:stone_pickaxe":6,"minecraft:fletching_table":4,"minecraft:glowstone_dust":3,"minecraft:stone_hoe":1,"minecraft:oak_planks":41,"minecraft:acacia_sapling":18,"minecraft:oak_slab":77,"minecraft:smooth_basalt":8,"minecraft:quartz":18,"minecraft:dandelion":4,"minecraft:dripstone_block":9,"minecraft:gravel":22,"minecraft:sand":268,"minecraft:amethyst_shard":4,"justhammers:stone_hammer":3,"minecraft:blast_furnace":3,"minecraft:white_bed":20,"minecraft:grass_block":1,"minecraft:mossy_cobblestone":2,"minecraft:stripped_acacia_log":8,"minecraft:diamond":4,"minecraft:stone_axe":2,"minecraft:granite":72,"minecraft:emerald":44,"minecraft:oak_sapling":271,"minecraft:acacia_slab":13,"minecraft:netherrack":7,"minecraft:coal":56,"minecraft:diamond_pickaxe":1,"minecraft:ender_pearl":4},"minecraft:custom":{"minecraft:animals_bred":2,"minecraft:interact_with_anvil":1,"minecraft:mob_kills":41,"minecraft:interact_with_crafting_table":78,"minecraft:leave_game":13,"minecraft:time_since_death":53502,"minecraft:climb_one_cm":819,"minecraft:sprint_one_cm":922667,"minecraft:walk_one_cm":1161627,"minecraft:drop":232,"minecraft:damage_dealt_absorbed":101,"minecraft:talked_to_villager":127,"minecraft:play_time":470557,"minecraft:sneak_time":32415,"minecraft:deaths":13,"minecraft:walk_under_water_one_cm":34689,"minecraft:jump":5431,"minecraft:interact_with_blast_furnace":1,"minecraft:walk_on_water_one_cm":58313,"minecraft:total_world_time":470557,"minecraft:interact_with_furnace":68,"minecraft:traded_with_villager":359,"minecraft:interact_with_stonecutter":1,"minecraft:sleep_in_bed":27,"minecraft:time_since_rest":22489,"minecraft:damage_taken":7844,"minecraft:damage_dealt":8394,"minecraft:swim_one_cm":39298,"minecraft:fly_one_cm":1289005,"minecraft:open_chest":178,"minecraft:crouch_one_cm":134581,"minecraft:fall_one_cm":179647},"minecraft:mined":{"mcwfurnitures:acacia_chair":4,"minecraft:tuff":3,"minecraft:white_bed":19,"minecraft:mossy_cobblestone":2,"minecraft:deepslate_diamond_ore":3,"minecraft:cobblestone_stairs":9,"minecraft:obsidian":8,"minecraft:granite":39,"gravestone:gravestone":11,"minecraft:acacia_log":67,"minecraft:grass_block":313,"minecraft:acacia_slab":8,"minecraft:composter":2,"minecraft:cartography_table":6,"minecraft:hay_block":50,"minecraft:furnace":1,"minecraft:iron_ore":55,"minecraft:fire":2,"minecraft:andesite":7,"minecraft:fletching_table":4,"minecraft:bell":1,"minecraft:dirt_path":21,"minecraft:oak_sign":1,"minecraft:water_cauldron":4,"minecraft:pointed_dripstone":7,"minecraft:cobblestone_slab":17,"minecraft:deepslate_iron_ore":1,"minecraft:oak_stairs":61,"minecraft:stripped_acacia_log":8,"minecraft:stripped_oak_log":3,"minecraft:stone":130,"minecraft:deepslate_redstone_ore":14,"minecraft:oak_slab":46,"minecraft:amethyst_cluster":1,"mcwfurnitures:stripped_acacia_coffee_table":4,"minecraft:crafting_table":4,"minecraft:torch":6,"minecraft:blast_furnace":3,"minecraft:copper_ore":8,"minecraft:tall_grass":1,"minecraft:glass":2,"minecraft:cobblestone":282,"minecraft:deepslate_gold_ore":32,"minecraft:lapis_ore":2,"minecraft:oak_planks":39,"minecraft:sugar_cane":5,"minecraft:wall_torch":5,"minecraft:diorite":12,"minecraft:amethyst_block":9,"minecraft:cauldron":2,"minecraft:seagrass":2,"minecraft:birch_planks":3,"betterarcheology:fossiliferous_dirt":1,"minecraft:cobblestone_wall":6,"minecraft:birch_log":5,"minecraft:wheat":3,"minecraft:birch_leaves":6,"minecraft:yellow_bed":15,"minecraft:grass":108,"minecraft:coal_ore":15,"minecraft:oak_log":650,"minecraft:oak_fence_gate":2,"minecraft:gravel":26,"minecraft:dirt":512,"minecraft:sand":153,"minecraft:dripstone_block":1,"minecraft:smooth_basalt":2,"minecraft:acacia_planks":25,"minecraft:netherrack":1,"minecraft:oak_leaves":24,"minecraft:deepslate":8}},"DataVersion":3465}