{"stats":{"minecraft:used":{"minecraft:iron_shovel":250,"minecraft:flint_and_steel":3,"mvw:stone_warhammer":103,"minecraft:stone_shovel":543,"minecraft:cooked_salmon":15,"minecraft:stone_hoe":14,"minecraft:oak_door":2,"minecraft:torch":40,"minecraft:dirt":74,"minecraft:cobblestone_wall":10,"minecraft:obsidian":10,"minecraft:glass":154,"minecraft:oak_stairs":53,"minecraft:bow":1,"minecraft:furnace":3,"minecraft:wheat_seeds":1,"minecraft:cobblestone_stairs":9,"minecraft:birch_planks":6,"minecraft:stone_pickaxe":100,"minecraft:oak_planks":356,"minecraft:wooden_pickaxe":9,"minecraft:composter":2,"minecraft:cauldron":2,"minecraft:fletching_table":3,"minecraft:sand":2,"minecraft:oak_slab":106,"minecraft:crafting_table":5,"minecraft:white_bed":10,"minecraft:oak_log":87,"minecraft:diamond_pickaxe":8,"minecraft:bread":41,"minecraft:iron_pickaxe":171,"justhammers:stone_hammer":111,"minecraft:stone_axe":398,"minecraft:cobblestone":58,"minecraft:andesite":1,"minecraft:yellow_bed":4,"minecraft:stripped_oak_log":2,"minecraft:birch_stairs":8},"minecraft:crafted":{"minecraft:oak_door":3,"minecraft:oak_planks":736,"minecraft:stone_shovel":4,"mvw:stone_warhammer":1,"minecraft:furnace":2,"minecraft:stone_button":3,"minecraft:cobblestone_stairs":16,"minecraft:stone":15,"minecraft:flint_and_steel":1,"minecraft:glass":105,"minecraft:iron_boots":1,"minecraft:stone_pickaxe":1,"minecraft:cobblestone_wall":6,"minecraft:stone_hoe":1,"minecraft:wheat":126,"minecraft:oak_slab":54,"minecraft:emerald":16,"minecraft:crafting_table":2,"minecraft:wooden_pickaxe":1,"minecraft:iron_helmet":1,"minecraft:birch_planks":28,"minecraft:stone_axe":3,"pokeballhv:poke_ball":12,"minecraft:bread":138,"minecraft:air":0,"minecraft:iron_chestplate":1,"minecraft:diamond_pickaxe":1,"justhammers:stone_hammer":4,"minecraft:stick":556,"minecraft:iron_ingot":30,"minecraft:iron_pickaxe":1,"minecraft:gold_ingot":8,"minecraft:iron_shovel":1,"minecraft:iron_leggings":1,"minecraft:white_bed":2,"minecraft:torch":32,"minecraft:birch_stairs":8},"minecraft:dropped":{"minecraft:stone_hoe":1,"minecraft:bread":91,"minecraft:birch_planks":21,"minecraft:oak_log":64,"minecraft:lilac":1,"minecraft:granite":9,"minecraft:stick":2,"minecraft:diorite":24,"gravestone:obituary":3,"minecraft:white_wool":2,"minecraft:dandelion":1,"minecraft:redstone":1,"minecraft:smooth_basalt":8,"minecraft:stone_axe":1,"minecraft:tuff":1,"minecraft:birch_sapling":3,"minecraft:obsidian":10,"minecraft:leather_chestplate":1,"justhammers:stone_hammer":2,"minecraft:andesite":10,"minecraft:oak_sapling":8,"minecraft:wooden_pickaxe":1,"minecraft:calcite":12},"minecraft:picked_up":{"pokeballhv:poke_ball":13,"minecraft:crafting_table":5,"minecraft:lead":2,"minecraft:wooden_pickaxe":1,"minecraft:oak_stairs":61,"gravestone:obituary":2,"minecraft:amethyst_block":9,"minecraft:string":9,"minecraft:raw_copper":34,"minecraft:cooked_salmon":12,"minecraft:cobbled_deepslate":53,"minecraft:calcite":12,"minecraft:poppy":2,"minecraft:sugar_cane":18,"minecraft:birch_sapling":4,"minecraft:furnace":1,"minecraft:stick":21,"minecraft:raw_iron":28,"mvw:stone_warhammer":1,"minecraft:composter":2,"minecraft:torch":13,"minecraft:acacia_log":63,"minecraft:pointed_dripstone":31,"minecraft:diorite":24,"minecraft:redstone":61,"minecraft:cauldron":6,"minecraft:rotten_flesh":5,"minecraft:stone_shovel":2,"pokeballhv:poke_ball_has_entity":10,"minecraft:arrow":13,"minecraft:hay_block":14,"minecraft:obsidian":18,"minecraft:mutton":4,"minecraft:cobblestone":638,"minecraft:white_wool":4,"minecraft:stripped_oak_log":2,"minecraft:birch_log":7,"minecraft:leather_chestplate":3,"minecraft:lilac":2,"minecraft:andesite":11,"minecraft:leather":4,"minecraft:birch_planks":41,"minecraft:flint":1,"minecraft:tuff":1,"minecraft:oak_log":353,"minecraft:cobblestone_wall":7,"minecraft:yellow_bed":4,"minecraft:gunpowder":4,"minecraft:cobblestone_stairs":21,"minecraft:dirt":978,"minecraft:bone":6,"minecraft:bow":2,"minecraft:wheat_seeds":21,"minecraft:raw_gold":32,"minecraft:stone_pickaxe":1,"minecraft:iron_ingot":1,"minecraft:fletching_table":3,"minecraft:glowstone_dust":3,"minecraft:acacia_sapling":18,"minecraft:stone_hoe":1,"minecraft:oak_planks":41,"minecraft:oak_slab":63,"minecraft:smooth_basalt":8,"minecraft:quartz":18,"minecraft:dandelion":2,"minecraft:dripstone_block":9,"minecraft:gravel":4,"minecraft:sand":263,"minecraft:amethyst_shard":4,"justhammers:stone_hammer":3,"minecraft:white_bed":9,"minecraft:grass_block":1,"minecraft:mossy_cobblestone":2,"minecraft:diamond":4,"minecraft:stone_axe":2,"minecraft:granite":66,"minecraft:oak_sapling":11,"minecraft:netherrack":7,"minecraft:coal":52,"minecraft:ender_pearl":4},"minecraft:mined":{"minecraft:tuff":3,"minecraft:white_bed":8,"minecraft:mossy_cobblestone":2,"minecraft:deepslate_diamond_ore":3,"minecraft:cobblestone_stairs":9,"minecraft:obsidian":8,"gravestone:gravestone":3,"minecraft:granite":33,"minecraft:acacia_log":67,"minecraft:grass_block":175,"minecraft:composter":2,"minecraft:hay_block":14,"minecraft:furnace":1,"minecraft:iron_ore":1,"minecraft:fire":2,"minecraft:fletching_table":3,"minecraft:pointed_dripstone":7,"minecraft:deepslate_iron_ore":1,"minecraft:water_cauldron":4,"minecraft:dirt_path":20,"minecraft:oak_stairs":61,"minecraft:stripped_oak_log":2,"minecraft:stone":111,"minecraft:deepslate_redstone_ore":14,"minecraft:oak_slab":32,"minecraft:amethyst_cluster":1,"minecraft:crafting_table":4,"minecraft:torch":4,"minecraft:glass":1,"minecraft:copper_ore":8,"minecraft:cobblestone":7,"minecraft:deepslate_gold_ore":32,"minecraft:sugar_cane":5,"minecraft:oak_planks":39,"minecraft:wall_torch":4,"minecraft:amethyst_block":9,"minecraft:cauldron":2,"minecraft:seagrass":2,"minecraft:birch_planks":3,"minecraft:cobblestone_wall":6,"minecraft:birch_log":5,"minecraft:wheat":1,"minecraft:birch_leaves":6,"minecraft:yellow_bed":4,"minecraft:grass":61,"minecraft:oak_log":151,"minecraft:coal_ore":11,"minecraft:dripstone_block":1,"minecraft:gravel":5,"minecraft:sand":148,"minecraft:dirt":467,"minecraft:smooth_basalt":2,"minecraft:netherrack":1,"minecraft:oak_leaves":10,"minecraft:deepslate":8},"minecraft:killed":{"minecraft:spider":2,"minecraft:skeleton":9,"minecraft:wandering_trader":1,"minecraft:sheep":1,"minecraft:trader_llama":2,"minecraft:zombie":3,"minecraft:enderman":4},"minecraft:broken":{"minecraft:iron_shovel":1,"minecraft:stone_axe":3,"minecraft:stone_shovel":4},"minecraft:custom":{"minecraft:mob_kills":22,"minecraft:interact_with_crafting_table":36,"minecraft:leave_game":10,"minecraft:time_since_death":83589,"minecraft:sprint_one_cm":418546,"minecraft:walk_one_cm":614278,"minecraft:drop":39,"minecraft:damage_dealt_absorbed":21,"minecraft:talked_to_villager":18,"minecraft:play_time":204795,"minecraft:sneak_time":12897,"minecraft:deaths":5,"minecraft:walk_under_water_one_cm":6888,"minecraft:jump":3123,"minecraft:walk_on_water_one_cm":24224,"minecraft:total_world_time":204795,"minecraft:interact_with_furnace":31,"minecraft:traded_with_villager":32,"minecraft:sleep_in_bed":12,"minecraft:time_since_rest":19069,"minecraft:damage_taken":3706,"minecraft:damage_dealt":5380,"minecraft:swim_one_cm":27752,"minecraft:fly_one_cm":754434,"minecraft:open_chest":54,"minecraft:crouch_one_cm":56970,"minecraft:fall_one_cm":118650}},"DataVersion":3465}