{"stats":{"minecraft:used":{"minecraft:iron_shovel":62,"minecraft:flint_and_steel":2,"minecraft:stone_shovel":333,"mvw:stone_warhammer":67,"minecraft:cooked_salmon":15,"minecraft:stone_hoe":14,"minecraft:oak_door":2,"minecraft:torch":34,"minecraft:dirt":46,"minecraft:cobblestone_wall":4,"minecraft:obsidian":10,"minecraft:glass":97,"minecraft:oak_stairs":52,"minecraft:bow":1,"minecraft:furnace":3,"minecraft:cobblestone_stairs":9,"minecraft:birch_planks":6,"minecraft:stone_pickaxe":100,"minecraft:oak_planks":223,"minecraft:wooden_pickaxe":9,"minecraft:sand":2,"minecraft:crafting_table":5,"minecraft:white_bed":6,"minecraft:oak_log":87,"minecraft:diamond_pickaxe":8,"minecraft:bread":24,"minecraft:iron_pickaxe":87,"justhammers:stone_hammer":111,"minecraft:stone_axe":238,"minecraft:cobblestone":58,"minecraft:andesite":1,"minecraft:yellow_bed":1,"minecraft:birch_stairs":8},"minecraft:crafted":{"minecraft:oak_door":3,"minecraft:oak_planks":224,"minecraft:stone_shovel":3,"mvw:stone_warhammer":1,"minecraft:furnace":2,"minecraft:stone_button":3,"minecraft:stone":15,"minecraft:cobblestone_stairs":16,"minecraft:flint_and_steel":1,"minecraft:glass":48,"minecraft:iron_boots":1,"minecraft:stone_pickaxe":1,"minecraft:cobblestone_wall":6,"minecraft:stone_hoe":1,"minecraft:wheat":126,"minecraft:crafting_table":2,"minecraft:wooden_pickaxe":1,"minecraft:iron_helmet":1,"minecraft:birch_planks":28,"minecraft:stone_axe":2,"pokeballhv:poke_ball":12,"minecraft:bread":42,"minecraft:air":0,"minecraft:iron_chestplate":1,"minecraft:diamond_pickaxe":1,"justhammers:stone_hammer":4,"minecraft:stick":44,"minecraft:iron_ingot":30,"minecraft:iron_pickaxe":1,"minecraft:iron_shovel":1,"minecraft:iron_leggings":1,"minecraft:white_bed":2,"minecraft:torch":32,"minecraft:birch_stairs":8},"minecraft:dropped":{"minecraft:stone_hoe":1,"minecraft:bread":24,"minecraft:birch_planks":21,"minecraft:lilac":1,"minecraft:granite":9,"minecraft:stick":2,"minecraft:diorite":24,"gravestone:obituary":3,"minecraft:white_wool":2,"minecraft:smooth_basalt":8,"minecraft:dandelion":1,"minecraft:redstone":1,"minecraft:stone_axe":1,"minecraft:tuff":1,"minecraft:birch_sapling":3,"minecraft:obsidian":10,"minecraft:leather_chestplate":1,"justhammers:stone_hammer":2,"minecraft:andesite":10,"minecraft:oak_sapling":8,"minecraft:wooden_pickaxe":1,"minecraft:calcite":12},"minecraft:picked_up":{"pokeballhv:poke_ball":3,"minecraft:crafting_table":5,"minecraft:lead":2,"minecraft:wooden_pickaxe":1,"minecraft:oak_stairs":53,"gravestone:obituary":2,"minecraft:amethyst_block":9,"minecraft:string":9,"minecraft:raw_copper":34,"minecraft:cooked_salmon":12,"minecraft:cobbled_deepslate":53,"minecraft:calcite":12,"minecraft:poppy":2,"minecraft:sugar_cane":18,"minecraft:birch_sapling":4,"minecraft:furnace":1,"minecraft:stick":13,"minecraft:raw_iron":28,"mvw:stone_warhammer":1,"minecraft:torch":13,"minecraft:pointed_dripstone":31,"minecraft:diorite":24,"minecraft:redstone":61,"pokeballhv:poke_ball_has_entity":2,"minecraft:rotten_flesh":1,"minecraft:arrow":10,"minecraft:stone_shovel":2,"minecraft:hay_block":14,"minecraft:obsidian":18,"minecraft:mutton":4,"minecraft:cobblestone":568,"minecraft:white_wool":4,"minecraft:birch_log":7,"minecraft:leather_chestplate":3,"minecraft:lilac":2,"minecraft:andesite":11,"minecraft:leather":4,"minecraft:birch_planks":41,"minecraft:flint":1,"minecraft:tuff":1,"minecraft:oak_log":153,"minecraft:yellow_bed":1,"minecraft:gunpowder":2,"minecraft:cobblestone_stairs":21,"minecraft:dirt":702,"minecraft:bone":5,"minecraft:bow":1,"minecraft:wheat_seeds":15,"minecraft:raw_gold":32,"minecraft:stone_pickaxe":1,"minecraft:iron_ingot":1,"minecraft:oak_planks":15,"minecraft:stone_hoe":1,"minecraft:smooth_basalt":8,"minecraft:quartz":18,"minecraft:dandelion":2,"minecraft:gravel":4,"minecraft:dripstone_block":9,"minecraft:sand":157,"minecraft:amethyst_shard":4,"justhammers:stone_hammer":3,"minecraft:white_bed":6,"minecraft:mossy_cobblestone":2,"minecraft:diamond":4,"minecraft:stone_axe":2,"minecraft:granite":49,"minecraft:oak_sapling":8,"minecraft:netherrack":7,"minecraft:coal":50,"minecraft:ender_pearl":1},"minecraft:mined":{"minecraft:tuff":3,"minecraft:white_bed":5,"minecraft:mossy_cobblestone":2,"minecraft:deepslate_diamond_ore":3,"minecraft:cobblestone_stairs":9,"minecraft:obsidian":8,"minecraft:granite":21,"gravestone:gravestone":3,"minecraft:grass_block":85,"minecraft:hay_block":14,"minecraft:furnace":1,"minecraft:iron_ore":1,"minecraft:fire":1,"minecraft:pointed_dripstone":7,"minecraft:deepslate_iron_ore":1,"minecraft:dirt_path":20,"minecraft:oak_stairs":55,"minecraft:stone":53,"minecraft:deepslate_redstone_ore":14,"minecraft:amethyst_cluster":1,"minecraft:crafting_table":4,"minecraft:torch":4,"minecraft:glass":1,"minecraft:copper_ore":8,"minecraft:cobblestone":7,"minecraft:deepslate_gold_ore":32,"minecraft:sugar_cane":5,"minecraft:oak_planks":15,"minecraft:wall_torch":4,"minecraft:amethyst_block":9,"minecraft:seagrass":2,"minecraft:birch_planks":3,"minecraft:cobblestone_wall":2,"minecraft:birch_log":5,"minecraft:birch_leaves":6,"minecraft:yellow_bed":1,"minecraft:grass":41,"minecraft:oak_log":144,"minecraft:coal_ore":10,"minecraft:gravel":5,"minecraft:dripstone_block":1,"minecraft:sand":42,"minecraft:dirt":265,"minecraft:smooth_basalt":2,"minecraft:netherrack":1,"minecraft:oak_leaves":10,"minecraft:deepslate":8},"minecraft:killed":{"minecraft:spider":2,"minecraft:skeleton":7,"minecraft:wandering_trader":1,"minecraft:sheep":1,"minecraft:trader_llama":2,"minecraft:zombie":3,"minecraft:enderman":1},"minecraft:broken":{"minecraft:stone_axe":1,"minecraft:stone_shovel":2},"minecraft:custom":{"minecraft:mob_kills":17,"minecraft:interact_with_crafting_table":30,"minecraft:leave_game":9,"minecraft:time_since_death":32846,"minecraft:sprint_one_cm":297154,"minecraft:walk_one_cm":423526,"minecraft:drop":36,"minecraft:damage_dealt_absorbed":21,"minecraft:talked_to_villager":3,"minecraft:play_time":154052,"minecraft:deaths":5,"minecraft:sneak_time":9220,"minecraft:walk_under_water_one_cm":4786,"minecraft:jump":2303,"minecraft:walk_on_water_one_cm":15357,"minecraft:total_world_time":154052,"minecraft:interact_with_furnace":23,"minecraft:sleep_in_bed":9,"minecraft:time_since_rest":3628,"minecraft:damage_taken":3194,"minecraft:damage_dealt":3653,"minecraft:swim_one_cm":10446,"minecraft:fly_one_cm":518473,"minecraft:open_chest":35,"minecraft:crouch_one_cm":33662,"minecraft:fall_one_cm":94859}},"DataVersion":3465}