{"stats":{"minecraft:used":{"minecraft:cobblestone_stairs":9,"minecraft:birch_planks":4,"minecraft:stone_shovel":315,"mvw:stone_warhammer":2,"minecraft:stone_pickaxe":65,"minecraft:oak_planks":207,"minecraft:wooden_pickaxe":9,"minecraft:cooked_salmon":7,"minecraft:stone_hoe":14,"minecraft:oak_door":2,"minecraft:torch":11,"minecraft:dirt":26,"minecraft:crafting_table":4,"minecraft:white_bed":6,"minecraft:glass":97,"minecraft:oak_log":87,"minecraft:oak_stairs":52,"justhammers:stone_hammer":30,"minecraft:stone_axe":229,"minecraft:furnace":2,"minecraft:yellow_bed":1,"minecraft:birch_stairs":8},"minecraft:crafted":{"minecraft:oak_door":3,"minecraft:oak_planks":224,"minecraft:stone_shovel":3,"minecraft:crafting_table":1,"minecraft:wooden_pickaxe":1,"mvw:stone_warhammer":1,"minecraft:furnace":1,"minecraft:cobblestone_stairs":16,"minecraft:stone":12,"minecraft:birch_planks":28,"minecraft:stone_axe":2,"minecraft:bread":42,"minecraft:air":0,"minecraft:glass":48,"justhammers:stone_hammer":4,"minecraft:stick":32,"minecraft:stone_pickaxe":1,"minecraft:white_bed":2,"minecraft:birch_stairs":8,"minecraft:stone_hoe":1,"minecraft:wheat":126},"minecraft:dropped":{"minecraft:bread":17,"minecraft:birch_planks":21,"minecraft:lilac":1,"minecraft:birch_sapling":3,"justhammers:stone_hammer":2,"minecraft:oak_sapling":7,"minecraft:white_wool":2,"minecraft:dandelion":1},"minecraft:picked_up":{"minecraft:birch_log":7,"minecraft:crafting_table":5,"minecraft:leather_chestplate":3,"minecraft:lilac":2,"minecraft:andesite":3,"minecraft:leather":4,"minecraft:lead":2,"minecraft:wooden_pickaxe":1,"minecraft:oak_stairs":53,"minecraft:birch_planks":39,"minecraft:oak_log":148,"minecraft:yellow_bed":1,"minecraft:gunpowder":2,"minecraft:cobblestone_stairs":21,"minecraft:dirt":562,"minecraft:string":3,"minecraft:raw_copper":34,"minecraft:cooked_salmon":12,"minecraft:wheat_seeds":15,"minecraft:stone_pickaxe":1,"minecraft:iron_ingot":1,"minecraft:poppy":2,"minecraft:sugar_cane":18,"minecraft:birch_sapling":4,"minecraft:oak_planks":9,"minecraft:furnace":1,"minecraft:stick":13,"minecraft:raw_iron":3,"mvw:stone_warhammer":1,"minecraft:torch":9,"minecraft:dandelion":2,"minecraft:dripstone_block":1,"minecraft:sand":155,"justhammers:stone_hammer":3,"minecraft:pointed_dripstone":11,"minecraft:white_bed":5,"minecraft:rotten_flesh":1,"minecraft:stone_shovel":2,"minecraft:stone_axe":1,"minecraft:hay_block":14,"minecraft:granite":20,"minecraft:oak_sapling":8,"minecraft:mutton":4,"minecraft:coal":50,"minecraft:white_wool":4,"minecraft:cobblestone":179},"minecraft:mined":{"minecraft:white_bed":4,"minecraft:cobblestone_stairs":9,"minecraft:crafting_table":4,"minecraft:grass_block":73,"minecraft:copper_ore":8,"minecraft:glass":1,"minecraft:cobblestone":4,"minecraft:sugar_cane":5,"minecraft:oak_planks":9,"minecraft:wall_torch":3,"minecraft:hay_block":14,"minecraft:seagrass":1,"minecraft:furnace":1,"minecraft:birch_log":5,"minecraft:iron_ore":1,"minecraft:birch_leaves":6,"minecraft:yellow_bed":1,"minecraft:grass":40,"minecraft:pointed_dripstone":6,"minecraft:oak_log":144,"minecraft:coal_ore":10,"minecraft:dirt_path":20,"minecraft:oak_stairs":55,"minecraft:dripstone_block":1,"minecraft:sand":40,"minecraft:dirt":196,"minecraft:stone":37,"minecraft:oak_leaves":10},"minecraft:killed":{"minecraft:wandering_trader":1,"minecraft:sheep":1,"minecraft:trader_llama":2,"minecraft:zombie":1},"minecraft:broken":{"minecraft:stone_axe":1,"minecraft:stone_shovel":1},"minecraft:custom":{"minecraft:interact_with_furnace":9,"minecraft:mob_kills":5,"minecraft:interact_with_crafting_table":20,"minecraft:leave_game":8,"minecraft:time_since_death":36397,"minecraft:sleep_in_bed":7,"minecraft:time_since_rest":8117,"minecraft:sprint_one_cm":155312,"minecraft:damage_taken":519,"minecraft:walk_one_cm":236640,"minecraft:drop":10,"minecraft:damage_dealt":774,"minecraft:damage_dealt_absorbed":21,"minecraft:swim_one_cm":10446,"minecraft:talked_to_villager":3,"minecraft:fly_one_cm":262471,"minecraft:open_chest":6,"minecraft:crouch_one_cm":26468,"minecraft:play_time":82339,"minecraft:sneak_time":6172,"minecraft:deaths":1,"minecraft:walk_under_water_one_cm":4556,"minecraft:jump":1111,"minecraft:walk_on_water_one_cm":13723,"minecraft:total_world_time":82339,"minecraft:fall_one_cm":34851}},"DataVersion":3465}