{"stats":{"minecraft:used":{"minecraft:iron_shovel":250,"minecraft:acacia_log":8,"minecraft:flint_and_steel":3,"mvw:stone_warhammer":113,"minecraft:stone_shovel":543,"minecraft:cooked_salmon":15,"minecraft:stone_hoe":50,"ring_of_teleport:ring_of_teleport":5,"minecraft:oak_door":2,"minecraft:torch":40,"minecraft:dirt":131,"minecraft:cobblestone_wall":10,"mcwfurnitures:stripped_acacia_coffee_table":8,"minecraft:obsidian":10,"minecraft:glass":208,"mcwfurnitures:acacia_chair":8,"minecraft:oak_stairs":53,"minecraft:bow":1,"minecraft:furnace":3,"minecraft:wheat_seeds":1,"minecraft:cobblestone_stairs":9,"minecraft:birch_planks":6,"minecraft:stone_pickaxe":100,"minecraft:oak_planks":356,"minecraft:wooden_pickaxe":9,"minecraft:composter":2,"minecraft:cauldron":2,"minecraft:fletching_table":3,"minecraft:sand":2,"minecraft:oak_slab":120,"minecraft:crafting_table":5,"minecraft:white_bed":12,"minecraft:oak_log":87,"minecraft:diamond_pickaxe":8,"minecraft:bread":48,"minecraft:iron_pickaxe":171,"justhammers:stone_hammer":111,"minecraft:stone_axe":460,"minecraft:cobblestone":58,"minecraft:andesite":1,"minecraft:yellow_bed":9,"minecraft:stripped_oak_log":2,"minecraft:birch_stairs":8},"minecraft:dropped":{"minecraft:stone_hoe":1,"minecraft:bread":125,"minecraft:birch_planks":21,"minecraft:lilac":1,"minecraft:oak_log":64,"minecraft:granite":9,"minecraft:stick":2,"minecraft:diorite":24,"gravestone:obituary":3,"minecraft:white_wool":2,"ring_of_teleport:ring_of_teleport":1,"minecraft:dandelion":1,"minecraft:redstone":1,"minecraft:smooth_basalt":8,"minecraft:stone_axe":1,"minecraft:tuff":1,"minecraft:birch_sapling":3,"minecraft:obsidian":10,"sophisticatedbackpacks:backpack":1,"justhammers:stone_hammer":3,"minecraft:leather_chestplate":1,"minecraft:andesite":10,"minecraft:oak_sapling":8,"minecraft:wooden_pickaxe":1,"minecraft:calcite":12},"minecraft:killed":{"minecraft:spider":2,"minecraft:skeleton":11,"minecraft:wandering_trader":1,"minecraft:sheep":1,"minecraft:trader_llama":2,"minecraft:zombie":5,"minecraft:enderman":4},"minecraft:broken":{"minecraft:iron_shovel":1,"minecraft:stone_axe":3,"minecraft:stone_shovel":4},"minecraft:crafted":{"minecraft:oak_door":3,"minecraft:oak_planks":736,"minecraft:stone_shovel":4,"mvw:stone_warhammer":1,"minecraft:furnace":2,"minecraft:stone_button":3,"minecraft:cobblestone_stairs":16,"minecraft:stone":15,"mcwfurnitures:acacia_chair":8,"minecraft:flint_and_steel":1,"minecraft:glass":159,"minecraft:iron_boots":1,"minecraft:stone_pickaxe":1,"minecraft:cobblestone_wall":6,"minecraft:acacia_fence":24,"minecraft:stone_hoe":1,"minecraft:wheat":126,"ring_of_teleport:ring_of_teleport":2,"minecraft:oak_slab":54,"minecraft:emerald":24,"minecraft:crafting_table":2,"minecraft:acacia_slab":12,"minecraft:wooden_pickaxe":1,"minecraft:iron_helmet":1,"minecraft:birch_planks":28,"minecraft:stone_axe":5,"pokeballhv:poke_ball":12,"minecraft:bread":186,"minecraft:air":0,"mcwfurnitures:stripped_acacia_coffee_table":8,"minecraft:iron_chestplate":1,"minecraft:diamond_pickaxe":1,"justhammers:stone_hammer":4,"minecraft:stick":828,"minecraft:iron_ingot":30,"minecraft:iron_pickaxe":1,"minecraft:iron_shovel":1,"minecraft:iron_leggings":1,"minecraft:gold_ingot":8,"minecraft:white_bed":2,"minecraft:acacia_planks":52,"minecraft:torch":32,"minecraft:birch_stairs":8},"minecraft:picked_up":{"pokeballhv:poke_ball":24,"minecraft:crafting_table":5,"minecraft:lead":2,"minecraft:wooden_pickaxe":1,"minecraft:oak_stairs":61,"gravestone:obituary":2,"minecraft:amethyst_block":9,"minecraft:string":9,"minecraft:raw_copper":34,"minecraft:cooked_salmon":12,"minecraft:cartography_table":1,"minecraft:cobbled_deepslate":53,"mcwfurnitures:acacia_chair":3,"minecraft:calcite":12,"minecraft:poppy":2,"mcwfurnitures:stripped_acacia_coffee_table":4,"minecraft:sugar_cane":18,"minecraft:birch_sapling":4,"minecraft:furnace":1,"minecraft:stick":21,"minecraft:raw_iron":28,"mvw:stone_warhammer":1,"minecraft:composter":2,"minecraft:torch":15,"minecraft:acacia_log":63,"sophisticatedbackpacks:backpack":1,"minecraft:pointed_dripstone":31,"minecraft:diorite":24,"minecraft:redstone":61,"minecraft:cauldron":6,"pokeballhv:poke_ball_has_entity":26,"minecraft:arrow":15,"minecraft:stone_shovel":2,"minecraft:rotten_flesh":9,"minecraft:hay_block":50,"minecraft:obsidian":18,"minecraft:mutton":4,"minecraft:white_wool":4,"minecraft:cobblestone":638,"minecraft:stripped_oak_log":2,"minecraft:birch_log":7,"minecraft:leather_chestplate":3,"minecraft:lilac":2,"minecraft:andesite":11,"minecraft:leather":4,"minecraft:birch_planks":41,"minecraft:flint":1,"minecraft:tuff":1,"minecraft:oak_log":353,"minecraft:cobblestone_wall":7,"minecraft:yellow_bed":10,"minecraft:gunpowder":4,"minecraft:cobblestone_stairs":21,"minecraft:dirt":993,"minecraft:bone":8,"minecraft:bow":2,"minecraft:wheat_seeds":21,"minecraft:raw_gold":32,"minecraft:iron_ingot":1,"minecraft:stone_pickaxe":1,"minecraft:fletching_table":3,"minecraft:glowstone_dust":3,"minecraft:acacia_sapling":18,"minecraft:stone_hoe":1,"minecraft:oak_planks":41,"minecraft:oak_slab":77,"minecraft:smooth_basalt":8,"minecraft:quartz":18,"minecraft:dandelion":2,"minecraft:dripstone_block":9,"minecraft:gravel":4,"minecraft:sand":268,"minecraft:amethyst_shard":4,"justhammers:stone_hammer":3,"minecraft:white_bed":15,"minecraft:grass_block":1,"minecraft:mossy_cobblestone":2,"minecraft:stripped_acacia_log":8,"minecraft:diamond":4,"minecraft:stone_axe":2,"minecraft:granite":66,"minecraft:oak_sapling":11,"minecraft:netherrack":7,"minecraft:coal":52,"minecraft:ender_pearl":4},"minecraft:custom":{"minecraft:mob_kills":26,"minecraft:interact_with_crafting_table":46,"minecraft:leave_game":11,"minecraft:time_since_death":113861,"minecraft:sprint_one_cm":508705,"minecraft:walk_one_cm":715813,"minecraft:drop":44,"minecraft:damage_dealt_absorbed":101,"minecraft:talked_to_villager":23,"minecraft:play_time":235067,"minecraft:sneak_time":15000,"minecraft:deaths":5,"minecraft:walk_under_water_one_cm":11237,"minecraft:jump":3525,"minecraft:walk_on_water_one_cm":24879,"minecraft:total_world_time":235067,"minecraft:interact_with_furnace":37,"minecraft:traded_with_villager":48,"minecraft:sleep_in_bed":15,"minecraft:time_since_rest":215,"minecraft:damage_taken":3913,"minecraft:damage_dealt":6201,"minecraft:swim_one_cm":27989,"minecraft:fly_one_cm":850730,"minecraft:open_chest":69,"minecraft:crouch_one_cm":66637,"minecraft:fall_one_cm":126613},"minecraft:mined":{"mcwfurnitures:acacia_chair":4,"minecraft:tuff":3,"minecraft:white_bed":14,"minecraft:mossy_cobblestone":2,"minecraft:deepslate_diamond_ore":3,"minecraft:cobblestone_stairs":9,"minecraft:obsidian":8,"gravestone:gravestone":3,"minecraft:granite":33,"minecraft:acacia_log":67,"minecraft:grass_block":175,"minecraft:cartography_table":1,"minecraft:composter":2,"minecraft:hay_block":50,"minecraft:furnace":1,"minecraft:iron_ore":1,"minecraft:fire":2,"minecraft:fletching_table":3,"minecraft:dirt_path":21,"minecraft:pointed_dripstone":7,"minecraft:water_cauldron":4,"minecraft:deepslate_iron_ore":1,"minecraft:oak_stairs":61,"minecraft:stripped_acacia_log":8,"minecraft:stripped_oak_log":2,"minecraft:stone":111,"minecraft:deepslate_redstone_ore":14,"minecraft:oak_slab":46,"minecraft:amethyst_cluster":1,"mcwfurnitures:stripped_acacia_coffee_table":4,"minecraft:crafting_table":4,"minecraft:torch":6,"minecraft:copper_ore":8,"minecraft:glass":2,"minecraft:cobblestone":7,"minecraft:deepslate_gold_ore":32,"minecraft:oak_planks":39,"minecraft:sugar_cane":5,"minecraft:wall_torch":4,"minecraft:amethyst_block":9,"minecraft:cauldron":2,"minecraft:seagrass":2,"minecraft:birch_planks":3,"betterarcheology:fossiliferous_dirt":1,"minecraft:cobblestone_wall":6,"minecraft:birch_log":5,"minecraft:wheat":1,"minecraft:birch_leaves":6,"minecraft:yellow_bed":10,"minecraft:grass":67,"minecraft:oak_log":151,"minecraft:coal_ore":11,"minecraft:gravel":5,"minecraft:dirt":481,"minecraft:dripstone_block":1,"minecraft:sand":153,"minecraft:smooth_basalt":2,"minecraft:netherrack":1,"minecraft:oak_leaves":11,"minecraft:deepslate":8}},"DataVersion":3465}