{"stats":{"minecraft:used":{"minecraft:iron_shovel":250,"mvw:stone_warhammer":126,"minecraft:oak_sign":10,"minecraft:chest":2,"ring_of_teleport:ring_of_teleport":13,"mcwfurnitures:stripped_acacia_coffee_table":8,"minecraft:milk_bucket":1,"minecraft:obsidian":10,"minecraft:glass":208,"minecraft:lava_bucket":1,"minecraft:bow":1,"minecraft:furnace":3,"minecraft:oak_sapling":175,"minecraft:stone_pickaxe":108,"minecraft:oak_planks":359,"minecraft:wooden_pickaxe":9,"minecraft:composter":2,"minecraft:sand":2,"minecraft:blast_furnace":4,"minecraft:bread":94,"minecraft:lectern":53,"minecraft:gravel":21,"minecraft:smithing_table":1,"minecraft:andesite":1,"minecraft:oak_trapdoor":6,"minecraft:oak_fence":18,"minecraft:stone_sword":42,"minecraft:acacia_log":8,"minecraft:flint_and_steel":3,"minecraft:stone_shovel":564,"minecraft:cooked_salmon":15,"minecraft:stone_hoe":50,"minecraft:oak_door":2,"minecraft:torch":64,"minecraft:dirt":175,"minecraft:anvil":1,"minecraft:hopper":9,"minecraft:cobblestone_wall":10,"minecraft:oak_fence_gate":4,"minecraft:bookshelf":10,"mcwfurnitures:acacia_chair":8,"minecraft:iron_axe":390,"minecraft:oak_stairs":53,"minecraft:acacia_slab":105,"minecraft:acacia_planks":82,"minecraft:wheat_seeds":3,"minecraft:water_bucket":56,"minecraft:cobblestone_stairs":9,"minecraft:birch_planks":6,"minecraft:cartography_table":5,"minecraft:cauldron":2,"minecraft:fletching_table":5,"minecraft:cobblestone_slab":210,"minecraft:crafting_table":5,"minecraft:oak_slab":120,"minecraft:white_bed":16,"minecraft:oak_log":105,"minecraft:diamond_pickaxe":370,"minecraft:diamond_shovel":131,"minecraft:iron_pickaxe":227,"justhammers:stone_hammer":111,"minecraft:stone_axe":1171,"minecraft:cobblestone":760,"minecraft:bucket":58,"minecraft:yellow_bed":16,"minecraft:stripped_oak_log":2,"minecraft:birch_stairs":8},"minecraft:dropped":{"minecraft:birch_planks":21,"minecraft:oak_log":64,"mvw:stone_warhammer":1,"gravestone:obituary":12,"minecraft:white_wool":2,"minecraft:birch_stairs":2,"ring_of_teleport:ring_of_teleport":1,"minecraft:bone":3,"minecraft:stone_axe":1,"mcwfurnitures:stripped_acacia_coffee_table":1,"minecraft:birch_sapling":5,"minecraft:obsidian":10,"minecraft:diamond_shovel":1,"minecraft:white_bed":5,"minecraft:leather_chestplate":1,"justhammers:stone_hammer":6,"minecraft:stone_hoe":2,"minecraft:bread":346,"minecraft:wheat_seeds":7,"minecraft:lilac":1,"minecraft:granite":14,"minecraft:chainmail_helmet":18,"minecraft:stick":2,"minecraft:diorite":24,"minecraft:torch":1,"minecraft:wooden_axe":1,"pokeballhv:poke_ball_has_entity":1,"minecraft:chainmail_leggings":12,"minecraft:dandelion":3,"minecraft:smooth_basalt":8,"minecraft:redstone":1,"minecraft:tuff":1,"minecraft:diamond_hoe":16,"minecraft:stone_shovel":41,"minecraft:iron_boots":10,"sophisticatedbackpacks:backpack":1,"pokeballhv:poke_ball":7,"minecraft:andesite":17,"minecraft:yellow_bed":3,"minecraft:oak_sapling":57,"minecraft:bow":1,"minecraft:stone_pickaxe":47,"minecraft:wooden_pickaxe":1,"minecraft:calcite":12},"minecraft:killed":{"minecraft:spider":2,"minecraft:skeleton":18,"minecraft:creeper":1,"minecraft:sheep":1,"minecraft:trader_llama":2,"minecraft:zombie":8,"minecraft:stray":3,"minecraft:wandering_trader":1,"minecraft:enderman":4},"minecraft:broken":{"minecraft:iron_shovel":1,"minecraft:stone_axe":8,"minecraft:stone_shovel":4,"minecraft:iron_axe":1},"minecraft:crafted":{"minecraft:oak_planks":4912,"minecraft:smooth_stone":3,"minecraft:chainmail_helmet":18,"minecraft:oak_sign":9,"minecraft:stone":24,"minecraft:cobblestone_stairs":16,"minecraft:diamond_shovel":1,"minecraft:bookshelf":15,"minecraft:hopper":9,"minecraft:glass":163,"minecraft:iron_boots":11,"minecraft:chest":11,"minecraft:acacia_fence":24,"minecraft:stone_hoe":1,"minecraft:oak_fence":24,"ring_of_teleport:ring_of_teleport":2,"minecraft:oak_slab":66,"minecraft:emerald":332,"minecraft:crafting_table":2,"minecraft:acacia_slab":84,"minecraft:wooden_pickaxe":1,"minecraft:iron_helmet":1,"minecraft:smithing_table":1,"minecraft:fletching_table":1,"minecraft:oak_wood":48,"minecraft:birch_planks":32,"pokeballhv:poke_ball":12,"minecraft:lectern":5,"minecraft:iron_chestplate":1,"minecraft:book":3,"minecraft:paper":9,"minecraft:diamond_pickaxe":1,"minecraft:stick":8860,"minecraft:iron_ingot":74,"minecraft:iron_pickaxe":1,"minecraft:iron_block":3,"minecraft:gold_ingot":8,"minecraft:birch_stairs":8,"minecraft:oak_door":3,"minecraft:stone_shovel":36,"minecraft:diamond_hoe":17,"mvw:stone_warhammer":1,"minecraft:furnace":3,"minecraft:stone_button":3,"minecraft:blast_furnace":1,"minecraft:oak_trapdoor":2,"mcwfurnitures:acacia_chair":8,"minecraft:flint_and_steel":1,"minecraft:iron_axe":2,"minecraft:stone_pickaxe":43,"minecraft:cobblestone_wall":6,"minecraft:chainmail_leggings":12,"minecraft:wheat":450,"minecraft:bucket":1,"minecraft:stone_axe":8,"minecraft:enchanted_book":1,"minecraft:bread":426,"minecraft:air":0,"minecraft:oak_fence_gate":2,"mcwfurnitures:stripped_acacia_coffee_table":8,"justhammers:stone_hammer":6,"minecraft:iron_shovel":1,"minecraft:iron_leggings":1,"minecraft:anvil":1,"minecraft:white_bed":2,"minecraft:acacia_planks":156,"minecraft:torch":32},"minecraft:picked_up":{"minecraft:wheat":34,"minecraft:lead":2,"minecraft:oak_stairs":61,"minecraft:amethyst_block":9,"minecraft:string":9,"minecraft:raw_copper":34,"minecraft:cooked_salmon":12,"minecraft:oak_sign":1,"minecraft:cobbled_deepslate":53,"minecraft:cobblestone_slab":30,"minecraft:calcite":12,"minecraft:furnace":1,"minecraft:tipped_arrow":1,"minecraft:stick":228,"minecraft:composter":2,"minecraft:torch":24,"minecraft:acacia_log":63,"minecraft:pointed_dripstone":31,"minecraft:diorite":35,"minecraft:cauldron":6,"minecraft:rotten_flesh":10,"minecraft:obsidian":18,"minecraft:cobblestone":895,"minecraft:birch_log":12,"minecraft:leather_chestplate":3,"minecraft:lilac":2,"minecraft:andesite":18,"minecraft:flint":4,"minecraft:tuff":1,"minecraft:lapis_lazuli":15,"minecraft:dirt":1168,"minecraft:bone":34,"minecraft:acacia_planks":24,"minecraft:bow":2,"minecraft:wheat_seeds":91,"minecraft:raw_gold":32,"minecraft:bell":1,"minecraft:fletching_table":4,"minecraft:glowstone_dust":3,"minecraft:oak_planks":42,"minecraft:stone_hoe":1,"minecraft:sand":268,"minecraft:grass_block":1,"minecraft:mossy_cobblestone":2,"minecraft:stripped_acacia_log":8,"minecraft:diamond":4,"minecraft:granite":72,"minecraft:emerald":44,"minecraft:oak_sapling":331,"minecraft:netherrack":7,"minecraft:diamond_pickaxe":1,"pokeballhv:poke_ball":76,"minecraft:crafting_table":5,"minecraft:wooden_pickaxe":1,"gravestone:obituary":3,"minecraft:oak_trapdoor":5,"minecraft:cartography_table":6,"mcwfurnitures:acacia_chair":3,"minecraft:poppy":11,"mcwfurnitures:stripped_acacia_coffee_table":5,"minecraft:lectern":48,"minecraft:sugar_cane":18,"minecraft:birch_sapling":9,"minecraft:raw_iron":82,"mvw:stone_warhammer":2,"sophisticatedbackpacks:backpack":1,"minecraft:redstone":61,"minecraft:arrow":36,"pokeballhv:poke_ball_has_entity":59,"minecraft:stone_shovel":11,"minecraft:hay_block":50,"minecraft:mutton":4,"minecraft:white_wool":4,"minecraft:bone_block":1,"minecraft:stripped_oak_log":2,"minecraft:leather":4,"minecraft:birch_planks":41,"minecraft:oak_log":1423,"minecraft:cobblestone_stairs":21,"minecraft:gunpowder":6,"minecraft:yellow_bed":17,"minecraft:cobblestone_wall":7,"minecraft:apple":32,"minecraft:stone_pickaxe":6,"minecraft:iron_ingot":46,"minecraft:oak_fence_gate":2,"minecraft:acacia_sapling":18,"minecraft:book":30,"minecraft:oak_slab":77,"minecraft:milk_bucket":1,"minecraft:smooth_basalt":8,"minecraft:quartz":18,"minecraft:dandelion":4,"minecraft:dripstone_block":9,"minecraft:gravel":22,"minecraft:birch_stairs":3,"minecraft:amethyst_shard":4,"justhammers:stone_hammer":3,"minecraft:blast_furnace":3,"minecraft:white_bed":24,"minecraft:stone_axe":2,"minecraft:acacia_slab":19,"minecraft:coal":56,"minecraft:ender_pearl":4},"minecraft:custom":{"minecraft:animals_bred":2,"minecraft:interact_with_crafting_table":91,"minecraft:leave_game":13,"minecraft:time_since_death":89502,"minecraft:sprint_one_cm":1015866,"minecraft:drop":240,"minecraft:talked_to_villager":234,"minecraft:play_time":506557,"minecraft:deaths":13,"minecraft:jump":5741,"minecraft:walk_on_water_one_cm":63032,"minecraft:interact_with_furnace":68,"minecraft:traded_with_villager":526,"minecraft:sleep_in_bed":29,"minecraft:damage_dealt":8394,"minecraft:crouch_one_cm":146464,"minecraft:mob_kills":41,"minecraft:interact_with_anvil":1,"minecraft:climb_one_cm":1770,"minecraft:walk_one_cm":1251653,"minecraft:damage_dealt_absorbed":101,"minecraft:sneak_time":34748,"minecraft:walk_under_water_one_cm":34689,"minecraft:interact_with_blast_furnace":1,"minecraft:total_world_time":506557,"minecraft:interact_with_stonecutter":1,"minecraft:time_since_rest":7638,"minecraft:damage_taken":7872,"minecraft:swim_one_cm":39298,"minecraft:fly_one_cm":1362663,"minecraft:open_chest":193,"minecraft:fall_one_cm":183691},"minecraft:mined":{"mcwfurnitures:acacia_chair":4,"minecraft:white_bed":23,"minecraft:cobblestone_stairs":9,"minecraft:obsidian":8,"minecraft:granite":39,"minecraft:acacia_log":67,"minecraft:grass_block":313,"minecraft:composter":2,"minecraft:iron_ore":55,"minecraft:fire":2,"minecraft:fletching_table":4,"minecraft:pointed_dripstone":7,"minecraft:oak_sign":1,"minecraft:water_cauldron":4,"minecraft:dirt_path":21,"minecraft:oak_stairs":61,"minecraft:deepslate_redstone_ore":14,"minecraft:amethyst_cluster":1,"mcwfurnitures:stripped_acacia_coffee_table":4,"minecraft:torch":6,"minecraft:blast_furnace":3,"minecraft:glass":2,"minecraft:cobblestone":290,"minecraft:sugar_cane":5,"minecraft:oak_planks":39,"minecraft:wall_torch":5,"minecraft:amethyst_block":9,"minecraft:cauldron":2,"minecraft:seagrass":2,"minecraft:birch_log":10,"minecraft:wheat":3,"minecraft:grass":121,"minecraft:oak_log":966,"minecraft:oak_fence_gate":2,"minecraft:sand":153,"minecraft:dirt":512,"minecraft:smooth_basalt":2,"minecraft:netherrack":1,"minecraft:oak_leaves":40,"minecraft:deepslate":8,"minecraft:tuff":3,"minecraft:mossy_cobblestone":2,"minecraft:deepslate_diamond_ore":3,"gravestone:gravestone":11,"minecraft:acacia_slab":15,"minecraft:cartography_table":6,"minecraft:hay_block":50,"minecraft:oak_trapdoor":5,"minecraft:furnace":1,"minecraft:andesite":7,"minecraft:bell":1,"minecraft:bookshelf":10,"minecraft:deepslate_iron_ore":1,"minecraft:cobblestone_slab":30,"minecraft:stripped_acacia_log":8,"minecraft:stripped_oak_log":3,"minecraft:stone":130,"minecraft:oak_slab":46,"minecraft:birch_stairs":2,"minecraft:crafting_table":4,"minecraft:lectern":48,"minecraft:tall_grass":2,"minecraft:copper_ore":8,"minecraft:lapis_ore":2,"minecraft:deepslate_gold_ore":32,"minecraft:diorite":12,"minecraft:birch_planks":3,"betterarcheology:fossiliferous_dirt":1,"minecraft:cobblestone_wall":6,"minecraft:birch_leaves":6,"minecraft:yellow_bed":17,"minecraft:coal_ore":15,"minecraft:gravel":26,"minecraft:dripstone_block":1,"minecraft:acacia_planks":25}},"DataVersion":3465}