{"stats":{"minecraft:used":{"minecraft:cobblestone_stairs":9,"minecraft:birch_planks":4,"minecraft:stone_shovel":314,"mvw:stone_warhammer":2,"minecraft:stone_pickaxe":49,"minecraft:oak_planks":195,"minecraft:wooden_pickaxe":9,"minecraft:cooked_salmon":5,"minecraft:torch":9,"minecraft:dirt":26,"minecraft:crafting_table":4,"minecraft:white_bed":6,"minecraft:glass":97,"minecraft:oak_log":87,"minecraft:oak_stairs":52,"justhammers:stone_hammer":14,"minecraft:stone_axe":212,"minecraft:furnace":2,"minecraft:yellow_bed":1,"minecraft:birch_stairs":8},"minecraft:crafted":{"minecraft:oak_planks":224,"minecraft:stone_shovel":3,"minecraft:crafting_table":1,"minecraft:wooden_pickaxe":1,"mvw:stone_warhammer":1,"minecraft:furnace":1,"minecraft:cobblestone_stairs":16,"minecraft:stone":12,"minecraft:birch_planks":28,"minecraft:stone_axe":2,"minecraft:air":0,"minecraft:glass":48,"justhammers:stone_hammer":4,"minecraft:stick":32,"minecraft:stone_pickaxe":1,"minecraft:white_bed":2,"minecraft:birch_stairs":8},"minecraft:dropped":{"minecraft:bread":17,"minecraft:birch_planks":21,"minecraft:birch_sapling":3,"justhammers:stone_hammer":1,"minecraft:oak_sapling":7,"minecraft:white_wool":2,"minecraft:dandelion":1},"minecraft:picked_up":{"minecraft:birch_log":7,"minecraft:crafting_table":5,"minecraft:leather_chestplate":2,"minecraft:lilac":2,"minecraft:leather":2,"minecraft:wooden_pickaxe":1,"minecraft:oak_stairs":53,"minecraft:birch_planks":39,"minecraft:oak_log":143,"minecraft:yellow_bed":1,"minecraft:gunpowder":2,"minecraft:cobblestone_stairs":21,"minecraft:dirt":561,"minecraft:string":3,"minecraft:raw_copper":4,"minecraft:cooked_salmon":12,"minecraft:wheat_seeds":15,"minecraft:stone_pickaxe":1,"minecraft:iron_ingot":1,"minecraft:poppy":2,"minecraft:sugar_cane":18,"minecraft:birch_sapling":4,"minecraft:oak_planks":9,"minecraft:furnace":1,"minecraft:stick":13,"mvw:stone_warhammer":1,"minecraft:torch":7,"minecraft:dandelion":2,"minecraft:sand":155,"justhammers:stone_hammer":3,"minecraft:white_bed":5,"minecraft:rotten_flesh":1,"minecraft:stone_shovel":2,"minecraft:stone_axe":1,"minecraft:granite":18,"minecraft:oak_sapling":7,"minecraft:mutton":4,"minecraft:coal":20,"minecraft:white_wool":4,"minecraft:cobblestone":154},"minecraft:mined":{"minecraft:white_bed":4,"minecraft:cobblestone_stairs":9,"minecraft:crafting_table":4,"minecraft:grass_block":72,"minecraft:glass":1,"minecraft:cobblestone":4,"minecraft:sugar_cane":5,"minecraft:oak_planks":9,"minecraft:wall_torch":3,"minecraft:seagrass":1,"minecraft:furnace":1,"minecraft:birch_log":5,"minecraft:birch_leaves":6,"minecraft:yellow_bed":1,"minecraft:grass":39,"minecraft:oak_log":139,"minecraft:coal_ore":9,"minecraft:dirt_path":20,"minecraft:oak_stairs":55,"minecraft:sand":40,"minecraft:dirt":196,"minecraft:stone":36,"minecraft:oak_leaves":9},"minecraft:killed":{"minecraft:sheep":1,"minecraft:zombie":1},"minecraft:broken":{"minecraft:stone_axe":1,"minecraft:stone_shovel":1},"minecraft:custom":{"minecraft:interact_with_furnace":9,"minecraft:mob_kills":2,"minecraft:interact_with_crafting_table":17,"minecraft:leave_game":8,"minecraft:time_since_death":24397,"minecraft:sleep_in_bed":6,"minecraft:time_since_rest":5212,"minecraft:sprint_one_cm":129516,"minecraft:damage_taken":469,"minecraft:walk_one_cm":197806,"minecraft:drop":8,"minecraft:damage_dealt":131,"minecraft:damage_dealt_absorbed":21,"minecraft:swim_one_cm":7603,"minecraft:talked_to_villager":2,"minecraft:fly_one_cm":217485,"minecraft:open_chest":3,"minecraft:crouch_one_cm":23161,"minecraft:play_time":70339,"minecraft:sneak_time":5215,"minecraft:deaths":1,"minecraft:walk_under_water_one_cm":4365,"minecraft:jump":935,"minecraft:walk_on_water_one_cm":12720,"minecraft:total_world_time":70339,"minecraft:fall_one_cm":28634}},"DataVersion":3465}