{"stats":{"minecraft:used":{"minecraft:stone_shovel":315,"mvw:stone_warhammer":51,"minecraft:cooked_salmon":15,"minecraft:stone_hoe":14,"minecraft:oak_door":2,"minecraft:torch":27,"minecraft:dirt":26,"minecraft:glass":97,"minecraft:oak_stairs":52,"minecraft:bow":1,"minecraft:furnace":3,"minecraft:cobblestone_stairs":9,"minecraft:birch_planks":4,"minecraft:stone_pickaxe":84,"minecraft:oak_planks":208,"minecraft:wooden_pickaxe":9,"minecraft:crafting_table":5,"minecraft:white_bed":6,"minecraft:oak_log":87,"minecraft:bread":9,"minecraft:iron_pickaxe":57,"justhammers:stone_hammer":106,"minecraft:stone_axe":230,"minecraft:cobblestone":57,"minecraft:yellow_bed":1,"minecraft:birch_stairs":8},"minecraft:crafted":{"minecraft:oak_door":3,"minecraft:oak_planks":224,"minecraft:stone_shovel":3,"mvw:stone_warhammer":1,"minecraft:furnace":2,"minecraft:stone":12,"minecraft:cobblestone_stairs":16,"minecraft:glass":48,"minecraft:stone_pickaxe":1,"minecraft:stone_hoe":1,"minecraft:wheat":126,"minecraft:crafting_table":2,"minecraft:wooden_pickaxe":1,"minecraft:birch_planks":28,"minecraft:stone_axe":2,"minecraft:bread":42,"minecraft:air":0,"minecraft:iron_chestplate":1,"justhammers:stone_hammer":4,"minecraft:stick":36,"minecraft:iron_ingot":11,"minecraft:iron_pickaxe":1,"minecraft:white_bed":2,"minecraft:torch":32,"minecraft:birch_stairs":8},"minecraft:dropped":{"minecraft:stone_hoe":1,"minecraft:bread":17,"minecraft:birch_planks":21,"minecraft:lilac":1,"minecraft:granite":9,"minecraft:stick":2,"minecraft:diorite":24,"minecraft:white_wool":2,"minecraft:dandelion":1,"minecraft:birch_sapling":3,"minecraft:leather_chestplate":1,"justhammers:stone_hammer":2,"minecraft:andesite":10,"minecraft:oak_sapling":7,"minecraft:calcite":12},"minecraft:picked_up":{"minecraft:crafting_table":5,"minecraft:lead":2,"minecraft:wooden_pickaxe":1,"minecraft:oak_stairs":53,"minecraft:amethyst_block":9,"minecraft:string":3,"minecraft:raw_copper":34,"minecraft:cooked_salmon":12,"minecraft:cobbled_deepslate":46,"minecraft:calcite":12,"minecraft:poppy":2,"minecraft:sugar_cane":18,"minecraft:birch_sapling":4,"minecraft:furnace":1,"minecraft:stick":13,"minecraft:raw_iron":25,"mvw:stone_warhammer":1,"minecraft:torch":12,"minecraft:pointed_dripstone":21,"minecraft:diorite":24,"minecraft:redstone":60,"minecraft:rotten_flesh":1,"minecraft:arrow":9,"minecraft:stone_shovel":2,"minecraft:hay_block":14,"minecraft:mutton":4,"minecraft:cobblestone":548,"minecraft:white_wool":4,"minecraft:birch_log":7,"minecraft:leather_chestplate":3,"minecraft:lilac":2,"minecraft:andesite":10,"minecraft:leather":4,"minecraft:birch_planks":39,"minecraft:oak_log":153,"minecraft:yellow_bed":1,"minecraft:gunpowder":2,"minecraft:cobblestone_stairs":21,"minecraft:dirt":562,"minecraft:bone":3,"minecraft:bow":1,"minecraft:wheat_seeds":15,"minecraft:raw_gold":32,"minecraft:stone_pickaxe":1,"minecraft:iron_ingot":1,"minecraft:oak_planks":10,"minecraft:stone_hoe":1,"minecraft:smooth_basalt":8,"minecraft:dandelion":2,"minecraft:dripstone_block":8,"minecraft:sand":155,"minecraft:amethyst_shard":4,"justhammers:stone_hammer":3,"minecraft:white_bed":5,"minecraft:diamond":4,"minecraft:stone_axe":1,"minecraft:granite":27,"minecraft:oak_sapling":8,"minecraft:coal":50,"minecraft:ender_pearl":1},"minecraft:mined":{"minecraft:tuff":2,"minecraft:white_bed":4,"minecraft:deepslate_diamond_ore":3,"minecraft:cobblestone_stairs":9,"minecraft:grass_block":73,"minecraft:hay_block":14,"minecraft:furnace":1,"minecraft:iron_ore":1,"minecraft:pointed_dripstone":7,"minecraft:dirt_path":20,"minecraft:oak_stairs":55,"minecraft:stone":37,"minecraft:deepslate_redstone_ore":14,"minecraft:amethyst_cluster":1,"minecraft:crafting_table":4,"minecraft:torch":2,"minecraft:glass":1,"minecraft:copper_ore":8,"minecraft:cobblestone":7,"minecraft:deepslate_gold_ore":32,"minecraft:sugar_cane":5,"minecraft:oak_planks":10,"minecraft:wall_torch":4,"minecraft:amethyst_block":9,"minecraft:seagrass":1,"minecraft:birch_log":5,"minecraft:birch_leaves":6,"minecraft:yellow_bed":1,"minecraft:grass":40,"minecraft:oak_log":144,"minecraft:coal_ore":10,"minecraft:dripstone_block":1,"minecraft:sand":40,"minecraft:dirt":196,"minecraft:smooth_basalt":2,"minecraft:oak_leaves":10,"minecraft:deepslate":8},"minecraft:killed":{"minecraft:skeleton":6,"minecraft:wandering_trader":1,"minecraft:sheep":1,"minecraft:trader_llama":2,"minecraft:zombie":3,"minecraft:enderman":1},"minecraft:broken":{"minecraft:stone_axe":1,"minecraft:stone_shovel":1},"minecraft:custom":{"minecraft:mob_kills":14,"minecraft:interact_with_crafting_table":24,"minecraft:leave_game":9,"minecraft:time_since_death":60110,"minecraft:sprint_one_cm":189681,"minecraft:walk_one_cm":307235,"minecraft:drop":19,"minecraft:damage_dealt_absorbed":21,"minecraft:talked_to_villager":3,"minecraft:play_time":106052,"minecraft:deaths":1,"minecraft:sneak_time":7327,"minecraft:walk_under_water_one_cm":4556,"minecraft:jump":1437,"minecraft:walk_on_water_one_cm":15034,"minecraft:total_world_time":106052,"minecraft:interact_with_furnace":16,"minecraft:sleep_in_bed":7,"minecraft:time_since_rest":31830,"minecraft:damage_taken":1598,"minecraft:damage_dealt":2955,"minecraft:swim_one_cm":10446,"minecraft:fly_one_cm":306218,"minecraft:open_chest":6,"minecraft:crouch_one_cm":29031,"minecraft:fall_one_cm":53433}},"DataVersion":3465}