{"stats":{"minecraft:crafted":{"minecraft:oak_planks":16,"minecraft:stone_shovel":4,"minecraft:furnace":3,"minecraft:cooked_mutton":2,"minecraft:glass":16,"minecraft:iron_boots":1,"minecraft:iron_axe":1,"minecraft:stone_pickaxe":1,"minecraft:chest":2,"minecraft:oak_fence":3,"minecraft:wooden_shovel":2,"minecraft:crafting_table":1,"minecraft:wooden_pickaxe":1,"minecraft:iron_helmet":1,"minecraft:birch_planks":212,"minecraft:stone_axe":2,"minecraft:bread":3,"minecraft:air":0,"minecraft:iron_chestplate":1,"minecraft:shield":1,"minecraft:stick":32,"minecraft:iron_ingot":35,"minecraft:iron_pickaxe":2,"minecraft:wooden_axe":1,"minecraft:stone_sword":1,"minecraft:iron_leggings":1,"minecraft:torch":12},"minecraft:used":{"minecraft:oak_fence":1,"minecraft:stone_sword":10,"minecraft:stone_shovel":519,"minecraft:chest":2,"minecraft:shield":7,"minecraft:wooden_shovel":75,"minecraft:rotten_flesh":10,"minecraft:torch":34,"minecraft:dirt":47,"minecraft:carrot":17,"minecraft:wooden_axe":54,"minecraft:iron_axe":53,"minecraft:birch_sapling":2,"minecraft:furnace":5,"minecraft:oak_sapling":8,"minecraft:cobbled_deepslate":3,"minecraft:wheat_seeds":27,"minecraft:cooked_mutton":2,"minecraft:birch_planks":156,"minecraft:stone_pickaxe":68,"minecraft:leather_chestplate":1,"minecraft:wooden_pickaxe":10,"minecraft:stonecutter":1,"minecraft:crafting_table":10,"minecraft:white_bed":3,"minecraft:oak_log":45,"minecraft:apple":1,"minecraft:bread":27,"minecraft:iron_pickaxe":294,"minecraft:leather_helmet":1,"justhammers:stone_hammer":59,"minecraft:lilac":1,"minecraft:stone_axe":155,"minecraft:cobblestone":124,"minecraft:andesite":16,"minecraft:dandelion":1},"minecraft:dropped":{"minecraft:birch_planks":37,"minecraft:wheat_seeds":28,"minecraft:oak_log":4,"minecraft:lilac":1,"minecraft:diamond":1,"minecraft:dripstone_block":17,"minecraft:cobblestone":178,"minecraft:lead":1,"minecraft:granite":3,"minecraft:leather_helmet":1,"minecraft:torch":2,"minecraft:sand":64,"minecraft:string":4,"minecraft:white_wool":1,"minecraft:dandelion":1,"minecraft:stone_axe":1,"minecraft:cobbled_deepslate":26,"minecraft:tuff":3,"minecraft:rotten_flesh":4,"minecraft:oak_planks":1,"minecraft:poppy":1,"minecraft:leather_chestplate":4,"minecraft:gunpowder":4,"minecraft:andesite":11,"minecraft:arrow":3,"minecraft:bow":3,"minecraft:calcite":1},"minecraft:picked_up":{"minecraft:crafting_table":10,"minecraft:wheat":10,"minecraft:lead":1,"minecraft:oak_stairs":1,"minecraft:amethyst_block":9,"minecraft:string":9,"minecraft:raw_copper":113,"minecraft:beetroot":2,"minecraft:cobbled_deepslate":93,"minecraft:calcite":1,"minecraft:poppy":1,"minecraft:birch_sapling":2,"minecraft:furnace":4,"minecraft:stick":2,"minecraft:raw_iron":37,"minecraft:torch":23,"minecraft:pointed_dripstone":8,"minecraft:carrot":10,"minecraft:redstone":30,"minecraft:arrow":3,"minecraft:rotten_flesh":14,"minecraft:beetroot_seeds":6,"minecraft:mutton":2,"minecraft:rail":2,"minecraft:white_wool":1,"minecraft:cobblestone":467,"minecraft:oxeye_daisy":1,"minecraft:birch_log":53,"minecraft:leather_chestplate":1,"minecraft:lilac":2,"minecraft:glow_ink_sac":3,"minecraft:andesite":31,"minecraft:potato":11,"minecraft:birch_planks":22,"minecraft:tuff":3,"minecraft:oak_log":57,"minecraft:yellow_bed":1,"minecraft:gunpowder":4,"minecraft:lapis_lazuli":48,"minecraft:dirt":506,"minecraft:glass":40,"minecraft:bone":12,"minecraft:apple":1,"minecraft:bow":3,"minecraft:stonecutter":1,"minecraft:wheat_seeds":80,"minecraft:raw_gold":14,"minecraft:oak_planks":10,"minecraft:dandelion":2,"minecraft:dripstone_block":17,"minecraft:sand":64,"minecraft:amethyst_shard":4,"justhammers:stone_hammer":2,"minecraft:white_bed":3,"minecraft:diamond":4,"minecraft:granite":5,"minecraft:bread":17,"minecraft:oak_sapling":8,"minecraft:coal":184},"minecraft:mined":{"minecraft:diamond_ore":1,"minecraft:tuff":3,"minecraft:white_bed":3,"minecraft:deepslate_diamond_ore":3,"minecraft:granite":2,"minecraft:budding_amethyst":1,"minecraft:grass_block":110,"minecraft:oxeye_daisy":1,"minecraft:furnace":4,"minecraft:carrots":4,"minecraft:cobbled_deepslate":3,"minecraft:iron_ore":6,"minecraft:andesite":15,"minecraft:deepslate_lapis_ore":7,"minecraft:potatoes":4,"minecraft:dirt_path":3,"minecraft:rail":2,"minecraft:stone":145,"minecraft:deepslate_redstone_ore":6,"minecraft:amethyst_cluster":1,"minecraft:dandelion":1,"minecraft:crafting_table":10,"minecraft:torch":8,"minecraft:calcite":1,"minecraft:poppy":1,"minecraft:tall_grass":38,"minecraft:cobblestone":5,"minecraft:deepslate_gold_ore":14,"minecraft:oak_planks":9,"minecraft:wall_torch":14,"minecraft:amethyst_block":6,"minecraft:birch_planks":2,"minecraft:birch_log":55,"minecraft:wheat":17,"minecraft:lilac":1,"minecraft:birch_leaves":5,"minecraft:yellow_bed":1,"minecraft:grass":136,"minecraft:coal_ore":52,"minecraft:oak_log":57,"minecraft:beetroots":2,"minecraft:dripstone_block":10,"minecraft:sand":64,"minecraft:dirt":423,"minecraft:stonecutter":1,"minecraft:oak_leaves":9,"minecraft:deepslate":78},"minecraft:killed":{"minecraft:cave_spider":2,"minecraft:spider":2,"minecraft:skeleton":4,"minecraft:creeper":3,"minecraft:sheep":1,"minecraft:zombie":23},"minecraft:broken":{"minecraft:wooden_shovel":1,"minecraft:iron_pickaxe":1,"minecraft:stone_shovel":3},"minecraft:custom":{"minecraft:mob_kills":35,"minecraft:interact_with_crafting_table":27,"minecraft:leave_game":3,"minecraft:time_since_death":121028,"minecraft:sprint_one_cm":306721,"minecraft:walk_one_cm":319590,"minecraft:damage_blocked_by_shield":260,"minecraft:drop":62,"minecraft:talked_to_villager":4,"minecraft:play_time":121028,"minecraft:sneak_time":7123,"minecraft:walk_under_water_one_cm":4325,"minecraft:jump":2044,"minecraft:walk_on_water_one_cm":24097,"minecraft:total_world_time":121028,"minecraft:interact_with_furnace":30,"minecraft:interact_with_stonecutter":1,"minecraft:sleep_in_bed":6,"minecraft:time_since_rest":56117,"minecraft:damage_taken":1646,"minecraft:damage_dealt":6738,"minecraft:swim_one_cm":7439,"minecraft:fly_one_cm":405476,"minecraft:open_chest":26,"minecraft:crouch_one_cm":19396,"minecraft:fall_one_cm":42491}},"DataVersion":3465}