{"stats":{"minecraft:crafted":{"minecraft:oak_planks":16,"minecraft:stone_shovel":4,"minecraft:furnace":3,"minecraft:cooked_mutton":2,"minecraft:glass":16,"minecraft:iron_boots":1,"minecraft:iron_axe":1,"minecraft:stone_pickaxe":1,"minecraft:chest":2,"minecraft:oak_fence":3,"minecraft:wooden_shovel":2,"minecraft:crafting_table":1,"minecraft:wooden_pickaxe":1,"minecraft:iron_helmet":1,"minecraft:birch_planks":212,"minecraft:stone_axe":2,"minecraft:bread":3,"minecraft:air":0,"minecraft:iron_chestplate":1,"minecraft:shield":1,"minecraft:stick":32,"minecraft:iron_ingot":35,"minecraft:iron_pickaxe":1,"minecraft:wooden_axe":1,"minecraft:stone_sword":1,"minecraft:iron_leggings":1,"minecraft:torch":12},"minecraft:used":{"minecraft:oak_fence":1,"minecraft:stone_sword":10,"minecraft:stone_shovel":519,"minecraft:chest":2,"minecraft:wooden_shovel":75,"minecraft:torch":25,"minecraft:dirt":47,"minecraft:carrot":10,"minecraft:wooden_axe":54,"minecraft:iron_axe":25,"minecraft:birch_sapling":2,"minecraft:furnace":5,"minecraft:oak_sapling":8,"minecraft:wheat_seeds":27,"minecraft:cooked_mutton":2,"minecraft:birch_planks":156,"minecraft:stone_pickaxe":68,"minecraft:leather_chestplate":1,"minecraft:wooden_pickaxe":10,"minecraft:stonecutter":1,"minecraft:crafting_table":9,"minecraft:white_bed":3,"minecraft:oak_log":45,"minecraft:apple":1,"minecraft:bread":24,"minecraft:iron_pickaxe":177,"minecraft:leather_helmet":1,"justhammers:stone_hammer":49,"minecraft:lilac":1,"minecraft:stone_axe":155,"minecraft:cobblestone":41,"minecraft:dandelion":1},"minecraft:dropped":{"minecraft:birch_planks":37,"minecraft:wheat_seeds":28,"minecraft:oak_log":4,"minecraft:lilac":1,"minecraft:diamond":1,"minecraft:dripstone_block":1,"minecraft:cobblestone":103,"minecraft:lead":1,"minecraft:granite":3,"minecraft:leather_helmet":1,"minecraft:torch":2,"minecraft:sand":64,"minecraft:string":4,"minecraft:white_wool":1,"minecraft:dandelion":1,"minecraft:stone_axe":1,"minecraft:cobbled_deepslate":16,"minecraft:rotten_flesh":4,"minecraft:oak_planks":1,"minecraft:poppy":1,"minecraft:leather_chestplate":4,"minecraft:gunpowder":2,"minecraft:andesite":11,"minecraft:calcite":1},"minecraft:picked_up":{"minecraft:crafting_table":9,"minecraft:wheat":10,"minecraft:lead":1,"minecraft:oak_stairs":1,"minecraft:amethyst_block":9,"minecraft:string":5,"minecraft:raw_copper":113,"minecraft:beetroot":2,"minecraft:cobbled_deepslate":49,"minecraft:calcite":1,"minecraft:poppy":1,"minecraft:birch_sapling":2,"minecraft:furnace":4,"minecraft:stick":2,"minecraft:raw_iron":31,"minecraft:torch":16,"minecraft:pointed_dripstone":3,"minecraft:carrot":10,"minecraft:redstone":4,"minecraft:rotten_flesh":5,"minecraft:beetroot_seeds":6,"minecraft:mutton":2,"minecraft:white_wool":1,"minecraft:cobblestone":453,"minecraft:oxeye_daisy":1,"minecraft:birch_log":53,"minecraft:leather_chestplate":1,"minecraft:lilac":2,"minecraft:glow_ink_sac":3,"minecraft:andesite":11,"minecraft:potato":11,"minecraft:birch_planks":22,"minecraft:oak_log":57,"minecraft:yellow_bed":1,"minecraft:gunpowder":2,"minecraft:lapis_lazuli":7,"minecraft:dirt":506,"minecraft:glass":40,"minecraft:bone":4,"minecraft:apple":1,"minecraft:stonecutter":1,"minecraft:wheat_seeds":80,"minecraft:raw_gold":14,"minecraft:oak_planks":10,"minecraft:dandelion":2,"minecraft:dripstone_block":1,"minecraft:sand":64,"minecraft:amethyst_shard":4,"justhammers:stone_hammer":2,"minecraft:white_bed":3,"minecraft:diamond":2,"minecraft:granite":5,"minecraft:bread":17,"minecraft:oak_sapling":8,"minecraft:coal":184},"minecraft:mined":{"minecraft:diamond_ore":1,"minecraft:white_bed":3,"minecraft:deepslate_diamond_ore":1,"minecraft:granite":2,"minecraft:budding_amethyst":1,"minecraft:grass_block":110,"minecraft:oxeye_daisy":1,"minecraft:furnace":4,"minecraft:carrots":4,"minecraft:iron_ore":6,"minecraft:andesite":1,"minecraft:deepslate_lapis_ore":1,"minecraft:potatoes":4,"minecraft:dirt_path":3,"minecraft:stone":134,"minecraft:amethyst_cluster":1,"minecraft:dandelion":1,"minecraft:crafting_table":9,"minecraft:torch":7,"minecraft:calcite":1,"minecraft:poppy":1,"minecraft:tall_grass":38,"minecraft:cobblestone":2,"minecraft:deepslate_gold_ore":14,"minecraft:oak_planks":9,"minecraft:wall_torch":9,"minecraft:amethyst_block":6,"minecraft:birch_planks":2,"minecraft:birch_log":55,"minecraft:wheat":17,"minecraft:lilac":1,"minecraft:birch_leaves":5,"minecraft:yellow_bed":1,"minecraft:grass":136,"minecraft:coal_ore":52,"minecraft:oak_log":57,"minecraft:beetroots":2,"minecraft:sand":64,"minecraft:dirt":423,"minecraft:stonecutter":1,"minecraft:oak_leaves":9,"minecraft:deepslate":28},"minecraft:killed":{"minecraft:spider":1,"minecraft:skeleton":1,"minecraft:creeper":2,"minecraft:sheep":1,"minecraft:zombie":15},"minecraft:broken":{"minecraft:wooden_shovel":1,"minecraft:stone_shovel":3},"minecraft:custom":{"minecraft:mob_kills":20,"minecraft:interact_with_crafting_table":26,"minecraft:leave_game":3,"minecraft:time_since_death":97028,"minecraft:sprint_one_cm":258094,"minecraft:walk_one_cm":259783,"minecraft:drop":49,"minecraft:talked_to_villager":4,"minecraft:play_time":97028,"minecraft:sneak_time":5529,"minecraft:walk_under_water_one_cm":888,"minecraft:jump":1670,"minecraft:walk_on_water_one_cm":19668,"minecraft:total_world_time":97028,"minecraft:interact_with_furnace":30,"minecraft:interact_with_stonecutter":1,"minecraft:sleep_in_bed":6,"minecraft:time_since_rest":32117,"minecraft:damage_taken":873,"minecraft:damage_dealt":4134,"minecraft:swim_one_cm":5056,"minecraft:fly_one_cm":367956,"minecraft:open_chest":26,"minecraft:crouch_one_cm":15267,"minecraft:fall_one_cm":36218}},"DataVersion":3465}