{"stats":{"minecraft:crafted":{"minecraft:oak_planks":16,"minecraft:wooden_shovel":2,"minecraft:stone_shovel":4,"minecraft:crafting_table":1,"minecraft:wooden_pickaxe":1,"minecraft:furnace":2,"minecraft:birch_planks":212,"minecraft:stone_axe":2,"minecraft:bread":3,"minecraft:cooked_mutton":2,"minecraft:air":0,"minecraft:glass":16,"minecraft:stick":28,"minecraft:iron_ingot":4,"minecraft:iron_pickaxe":1,"minecraft:stone_pickaxe":1,"minecraft:wooden_axe":1,"minecraft:stone_sword":1,"minecraft:chest":2,"minecraft:torch":12,"minecraft:oak_fence":3},"minecraft:used":{"minecraft:wheat_seeds":27,"minecraft:oak_fence":1,"minecraft:cooked_mutton":2,"minecraft:stone_sword":10,"minecraft:birch_planks":156,"minecraft:stone_shovel":519,"minecraft:stone_pickaxe":68,"minecraft:chest":2,"minecraft:wooden_pickaxe":10,"minecraft:leather_chestplate":1,"minecraft:wooden_shovel":75,"minecraft:stonecutter":1,"minecraft:torch":20,"minecraft:dirt":47,"minecraft:crafting_table":9,"minecraft:white_bed":3,"minecraft:wooden_axe":54,"minecraft:oak_log":45,"minecraft:apple":1,"minecraft:bread":12,"minecraft:birch_sapling":2,"minecraft:iron_pickaxe":105,"minecraft:leather_helmet":1,"justhammers:stone_hammer":18,"minecraft:lilac":1,"minecraft:stone_axe":150,"minecraft:cobblestone":11,"minecraft:oak_sapling":8,"minecraft:furnace":4,"minecraft:dandelion":1},"minecraft:dropped":{"minecraft:birch_planks":37,"minecraft:wheat_seeds":17,"minecraft:lilac":1,"minecraft:oak_log":4,"minecraft:cobblestone":32,"minecraft:lead":1,"minecraft:oak_planks":1,"minecraft:poppy":1,"minecraft:leather_chestplate":2,"minecraft:gunpowder":2,"minecraft:torch":2,"minecraft:sand":64,"minecraft:string":4,"minecraft:white_wool":1,"minecraft:dandelion":1},"minecraft:picked_up":{"minecraft:birch_log":53,"minecraft:crafting_table":8,"minecraft:wheat":10,"minecraft:lilac":2,"minecraft:andesite":1,"minecraft:lead":1,"minecraft:potato":11,"minecraft:oak_stairs":1,"minecraft:birch_planks":22,"minecraft:oak_log":57,"minecraft:yellow_bed":1,"minecraft:gunpowder":2,"minecraft:dirt":506,"minecraft:string":5,"minecraft:raw_copper":14,"minecraft:glass":40,"minecraft:beetroot":2,"minecraft:apple":1,"minecraft:stonecutter":1,"minecraft:wheat_seeds":80,"minecraft:poppy":1,"minecraft:birch_sapling":2,"minecraft:oak_planks":10,"minecraft:furnace":2,"minecraft:stick":2,"minecraft:raw_iron":9,"minecraft:torch":12,"minecraft:dandelion":2,"minecraft:dripstone_block":1,"minecraft:sand":64,"justhammers:stone_hammer":2,"minecraft:white_bed":3,"minecraft:carrot":10,"minecraft:rotten_flesh":1,"minecraft:beetroot_seeds":6,"minecraft:granite":5,"minecraft:bread":17,"minecraft:oak_sapling":8,"minecraft:mutton":2,"minecraft:coal":106,"minecraft:white_wool":1,"minecraft:cobblestone":219,"minecraft:oxeye_daisy":1},"minecraft:mined":{"minecraft:white_bed":3,"minecraft:dandelion":1,"minecraft:crafting_table":8,"minecraft:torch":6,"minecraft:granite":2,"minecraft:grass_block":110,"minecraft:poppy":1,"minecraft:tall_grass":38,"minecraft:oak_planks":9,"minecraft:oxeye_daisy":1,"minecraft:wall_torch":6,"minecraft:birch_planks":2,"minecraft:furnace":2,"minecraft:carrots":4,"minecraft:wheat":17,"minecraft:birch_log":55,"minecraft:iron_ore":5,"minecraft:lilac":1,"minecraft:andesite":1,"minecraft:birch_leaves":5,"minecraft:yellow_bed":1,"minecraft:grass":136,"minecraft:potatoes":4,"minecraft:oak_log":57,"minecraft:coal_ore":52,"minecraft:beetroots":2,"minecraft:dirt_path":3,"minecraft:sand":64,"minecraft:dirt":423,"minecraft:stonecutter":1,"minecraft:stone":120,"minecraft:oak_leaves":9},"minecraft:killed":{"minecraft:spider":1,"minecraft:creeper":2,"minecraft:sheep":1,"minecraft:zombie":2},"minecraft:broken":{"minecraft:wooden_shovel":1,"minecraft:stone_shovel":3},"minecraft:custom":{"minecraft:interact_with_furnace":14,"minecraft:mob_kills":6,"minecraft:interact_with_crafting_table":20,"minecraft:interact_with_stonecutter":1,"minecraft:leave_game":3,"minecraft:time_since_death":73028,"minecraft:sleep_in_bed":6,"minecraft:time_since_rest":8117,"minecraft:sprint_one_cm":211308,"minecraft:damage_taken":270,"minecraft:walk_one_cm":197892,"minecraft:drop":31,"minecraft:damage_dealt":1417,"minecraft:swim_one_cm":5056,"minecraft:talked_to_villager":4,"minecraft:fly_one_cm":325876,"minecraft:open_chest":26,"minecraft:crouch_one_cm":11043,"minecraft:play_time":73028,"minecraft:sneak_time":3873,"minecraft:walk_under_water_one_cm":888,"minecraft:jump":1324,"minecraft:walk_on_water_one_cm":17950,"minecraft:total_world_time":73028,"minecraft:fall_one_cm":24883}},"DataVersion":3465}