{"stats":{"minecraft:custom":{"minecraft:interact_with_furnace":14,"minecraft:mob_kills":5,"minecraft:interact_with_crafting_table":17,"minecraft:interact_with_stonecutter":1,"minecraft:leave_game":3,"minecraft:time_since_death":56455,"minecraft:sleep_in_bed":5,"minecraft:time_since_rest":646,"minecraft:sprint_one_cm":154631,"minecraft:damage_taken":162,"minecraft:walk_one_cm":163572,"minecraft:drop":27,"minecraft:damage_dealt":1171,"minecraft:swim_one_cm":3913,"minecraft:talked_to_villager":1,"minecraft:fly_one_cm":219355,"minecraft:open_chest":18,"minecraft:crouch_one_cm":10419,"minecraft:play_time":56455,"minecraft:sneak_time":3486,"minecraft:walk_under_water_one_cm":869,"minecraft:jump":953,"minecraft:walk_on_water_one_cm":17800,"minecraft:total_world_time":56455,"minecraft:fall_one_cm":18384},"minecraft:broken":{"minecraft:wooden_shovel":1,"minecraft:stone_shovel":3},"minecraft:picked_up":{"minecraft:birch_log":53,"minecraft:crafting_table":8,"minecraft:lilac":1,"minecraft:oak_stairs":1,"minecraft:birch_planks":22,"minecraft:oak_log":49,"minecraft:gunpowder":2,"minecraft:string":5,"minecraft:dirt":505,"minecraft:raw_copper":14,"minecraft:glass":40,"minecraft:apple":1,"minecraft:stonecutter":1,"minecraft:wheat_seeds":39,"minecraft:poppy":1,"minecraft:birch_sapling":2,"minecraft:oak_planks":10,"minecraft:furnace":2,"minecraft:raw_iron":4,"minecraft:stick":2,"minecraft:torch":11,"minecraft:dandelion":2,"minecraft:sand":64,"justhammers:stone_hammer":1,"minecraft:white_bed":3,"minecraft:granite":2,"minecraft:bread":17,"minecraft:oak_sapling":8,"minecraft:mutton":2,"minecraft:coal":78,"minecraft:white_wool":1,"minecraft:cobblestone":151,"minecraft:oxeye_daisy":1},"minecraft:used":{"minecraft:oak_fence":1,"minecraft:stone_sword":10,"minecraft:birch_planks":156,"minecraft:stone_shovel":519,"minecraft:stone_pickaxe":68,"minecraft:chest":2,"minecraft:leather_chestplate":1,"minecraft:wooden_pickaxe":10,"minecraft:stonecutter":1,"minecraft:wooden_shovel":75,"minecraft:torch":19,"minecraft:dirt":46,"minecraft:crafting_table":9,"minecraft:white_bed":3,"minecraft:oak_log":45,"minecraft:wooden_axe":54,"minecraft:apple":1,"minecraft:bread":10,"minecraft:birch_sapling":2,"minecraft:iron_pickaxe":81,"minecraft:leather_helmet":1,"justhammers:stone_hammer":10,"minecraft:stone_axe":135,"minecraft:cobblestone":11,"minecraft:furnace":4,"minecraft:oak_sapling":8,"minecraft:dandelion":1},"minecraft:crafted":{"minecraft:wooden_shovel":2,"minecraft:stone_shovel":4,"minecraft:crafting_table":1,"minecraft:wooden_pickaxe":1,"minecraft:furnace":2,"minecraft:birch_planks":212,"minecraft:stone_axe":1,"minecraft:cooked_mutton":2,"minecraft:air":0,"minecraft:glass":16,"minecraft:stick":28,"minecraft:iron_ingot":4,"minecraft:iron_pickaxe":1,"minecraft:stone_pickaxe":1,"minecraft:wooden_axe":1,"minecraft:stone_sword":1,"minecraft:chest":2,"minecraft:torch":8,"minecraft:oak_fence":3},"minecraft:killed":{"minecraft:spider":1,"minecraft:creeper":2,"minecraft:sheep":1,"minecraft:zombie":1},"minecraft:dropped":{"minecraft:birch_planks":37,"minecraft:wheat_seeds":17,"minecraft:lilac":1,"minecraft:oak_log":4,"minecraft:cobblestone":32,"minecraft:oak_planks":1,"minecraft:poppy":1,"minecraft:leather_chestplate":1,"minecraft:gunpowder":2,"minecraft:sand":64,"minecraft:string":4,"minecraft:white_wool":1,"minecraft:dandelion":1},"minecraft:mined":{"minecraft:white_bed":3,"minecraft:dandelion":1,"minecraft:crafting_table":8,"minecraft:torch":5,"minecraft:granite":2,"minecraft:grass_block":109,"minecraft:poppy":1,"minecraft:tall_grass":20,"minecraft:oak_planks":9,"minecraft:oxeye_daisy":1,"minecraft:wall_torch":6,"minecraft:birch_planks":2,"minecraft:furnace":2,"minecraft:birch_log":55,"minecraft:iron_ore":4,"minecraft:lilac":1,"minecraft:birch_leaves":5,"minecraft:grass":111,"minecraft:coal_ore":40,"minecraft:oak_log":49,"minecraft:dirt_path":3,"minecraft:sand":64,"minecraft:dirt":423,"minecraft:stonecutter":1,"minecraft:stone":109,"minecraft:oak_leaves":4}},"DataVersion":3465}