{"stats":{"minecraft:crafted":{"minecraft:oak_planks":168,"minecraft:stone_shovel":4,"minecraft:birch_slab":6,"minecraft:furnace":3,"minecraft:cooked_mutton":4,"minecraft:glass":16,"minecraft:iron_boots":1,"minecraft:iron_axe":1,"minecraft:stone_pickaxe":1,"minecraft:chest":6,"minecraft:oak_fence":3,"minecraft:oak_slab":30,"minecraft:wooden_shovel":2,"minecraft:diamond_axe":1,"minecraft:crafting_table":2,"minecraft:wooden_pickaxe":1,"minecraft:iron_helmet":1,"minecraft:golden_shovel":3,"minecraft:birch_planks":396,"minecraft:stone_axe":2,"minecraft:bread":3,"minecraft:air":0,"minecraft:iron_chestplate":1,"minecraft:shield":1,"minecraft:stick":32,"minecraft:iron_ingot":35,"minecraft:iron_pickaxe":2,"minecraft:oak_stairs":40,"minecraft:wooden_axe":1,"minecraft:stone_sword":1,"minecraft:gold_ingot":6,"minecraft:iron_shovel":1,"minecraft:iron_leggings":1,"minecraft:torch":12},"minecraft:used":{"minecraft:oak_fence":1,"minecraft:stone_sword":10,"minecraft:iron_shovel":249,"minecraft:stone_shovel":526,"minecraft:chest":8,"minecraft:shield":7,"minecraft:wooden_shovel":75,"minecraft:rotten_flesh":10,"minecraft:oak_door":1,"minecraft:torch":44,"minecraft:dirt":52,"minecraft:carrot":17,"minecraft:golden_shovel":90,"minecraft:granite":4,"minecraft:wooden_axe":54,"minecraft:iron_axe":196,"minecraft:oak_stairs":39,"minecraft:birch_sapling":17,"minecraft:oak_sapling":126,"minecraft:furnace":5,"minecraft:cobbled_deepslate":3,"minecraft:wheat_seeds":27,"minecraft:cooked_mutton":4,"minecraft:birch_planks":300,"minecraft:stone_pickaxe":68,"minecraft:oak_planks":25,"minecraft:wooden_pickaxe":10,"minecraft:leather_chestplate":1,"minecraft:diamond_axe":458,"minecraft:fletching_table":1,"minecraft:stonecutter":2,"minecraft:oak_slab":21,"minecraft:crafting_table":11,"minecraft:white_bed":3,"minecraft:oak_log":94,"minecraft:apple":12,"minecraft:birch_slab":4,"minecraft:bread":34,"minecraft:iron_pickaxe":406,"minecraft:leather_helmet":1,"justhammers:stone_hammer":77,"minecraft:lilac":1,"minecraft:stone_axe":155,"minecraft:cobblestone":126,"minecraft:andesite":16,"minecraft:stripped_oak_log":2,"minecraft:dandelion":1},"minecraft:dropped":{"minecraft:oak_slab":26,"minecraft:birch_planks":37,"minecraft:wheat_seeds":28,"minecraft:lilac":1,"minecraft:oak_log":196,"minecraft:diamond":1,"minecraft:dripstone_block":17,"minecraft:cobblestone":178,"minecraft:lead":1,"minecraft:granite":3,"minecraft:leather_helmet":1,"minecraft:torch":2,"minecraft:sand":64,"minecraft:string":4,"minecraft:white_wool":1,"minecraft:dandelion":1,"minecraft:stone_axe":1,"minecraft:cobblestone_wall":4,"minecraft:cobbled_deepslate":26,"minecraft:tuff":3,"minecraft:obsidian":10,"minecraft:rotten_flesh":5,"minecraft:oak_planks":1,"pokeballhv:poke_ball":2,"minecraft:poppy":1,"minecraft:leather_chestplate":4,"minecraft:gunpowder":4,"minecraft:andesite":11,"minecraft:arrow":3,"minecraft:bow":3,"minecraft:calcite":1},"minecraft:picked_up":{"pokeballhv:poke_ball":4,"minecraft:crafting_table":11,"minecraft:wheat":10,"minecraft:lead":1,"minecraft:oak_stairs":7,"minecraft:amethyst_block":9,"minecraft:string":9,"minecraft:raw_copper":113,"minecraft:beetroot":2,"minecraft:cobbled_deepslate":93,"minecraft:calcite":1,"minecraft:poppy":1,"minecraft:chest":2,"minecraft:birch_sapling":17,"minecraft:furnace":4,"minecraft:stick":94,"minecraft:raw_iron":37,"minecraft:oak_door":1,"minecraft:oak_fence":1,"minecraft:torch":32,"minecraft:pointed_dripstone":8,"minecraft:carrot":10,"minecraft:redstone":30,"pokeballhv:poke_ball_has_entity":2,"minecraft:arrow":5,"minecraft:rotten_flesh":19,"minecraft:beetroot_seeds":6,"minecraft:obsidian":10,"minecraft:mutton":2,"minecraft:rail":2,"minecraft:white_wool":1,"minecraft:cobblestone":606,"minecraft:oxeye_daisy":1,"minecraft:stripped_oak_log":2,"minecraft:birch_log":119,"minecraft:leather_chestplate":1,"minecraft:lilac":2,"minecraft:glow_ink_sac":3,"minecraft:andesite":31,"minecraft:potato":11,"minecraft:birch_planks":35,"minecraft:tuff":3,"minecraft:oak_log":429,"minecraft:cobblestone_wall":7,"minecraft:yellow_bed":1,"minecraft:gunpowder":4,"minecraft:lapis_lazuli":48,"minecraft:dirt":860,"minecraft:glass":40,"minecraft:bone":14,"minecraft:apple":12,"minecraft:stonecutter":2,"minecraft:bow":3,"minecraft:wheat_seeds":85,"minecraft:raw_gold":14,"minecraft:fletching_table":1,"minecraft:oak_planks":44,"minecraft:oak_slab":30,"minecraft:dandelion":2,"minecraft:dripstone_block":17,"minecraft:sand":64,"minecraft:amethyst_shard":4,"justhammers:stone_hammer":2,"minecraft:white_bed":3,"minecraft:spider_eye":1,"minecraft:diamond":4,"minecraft:granite":47,"minecraft:bread":56,"minecraft:oak_sapling":129,"minecraft:coal":184},"minecraft:mined":{"minecraft:diamond_ore":1,"minecraft:tuff":3,"minecraft:white_bed":3,"minecraft:deepslate_diamond_ore":3,"minecraft:oak_door":1,"minecraft:granite":23,"minecraft:budding_amethyst":1,"minecraft:grass_block":220,"minecraft:oxeye_daisy":1,"minecraft:furnace":4,"minecraft:carrots":4,"minecraft:iron_ore":6,"minecraft:cobbled_deepslate":3,"minecraft:andesite":15,"minecraft:fletching_table":1,"minecraft:deepslate_lapis_ore":7,"minecraft:potatoes":4,"minecraft:dirt_path":3,"minecraft:rail":2,"minecraft:oak_stairs":8,"minecraft:stripped_oak_log":2,"minecraft:stone":229,"minecraft:oak_slab":34,"minecraft:deepslate_redstone_ore":6,"minecraft:amethyst_cluster":1,"minecraft:dandelion":1,"minecraft:oak_fence":1,"minecraft:crafting_table":11,"minecraft:torch":13,"minecraft:calcite":1,"minecraft:poppy":1,"minecraft:chest":2,"minecraft:tall_grass":42,"minecraft:cobblestone":6,"minecraft:deepslate_gold_ore":14,"minecraft:oak_planks":45,"minecraft:wall_torch":16,"minecraft:amethyst_block":6,"minecraft:birch_planks":15,"minecraft:cobblestone_wall":4,"minecraft:birch_log":121,"minecraft:wheat":17,"minecraft:lilac":1,"minecraft:birch_leaves":6,"minecraft:yellow_bed":1,"minecraft:grass":161,"minecraft:oak_log":372,"minecraft:coal_ore":52,"minecraft:beetroots":2,"minecraft:dripstone_block":10,"minecraft:sand":64,"minecraft:dirt":670,"minecraft:stonecutter":2,"minecraft:oak_leaves":25,"minecraft:deepslate":78},"minecraft:killed":{"minecraft:cave_spider":2,"minecraft:spider":3,"minecraft:skeleton":5,"minecraft:creeper":3,"minecraft:sheep":1,"minecraft:zombie":27},"minecraft:broken":{"minecraft:iron_shovel":1,"minecraft:wooden_shovel":1,"minecraft:golden_shovel":2,"minecraft:iron_axe":1,"minecraft:iron_pickaxe":1,"minecraft:stone_shovel":4},"minecraft:custom":{"minecraft:mob_kills":42,"minecraft:interact_with_crafting_table":38,"minecraft:leave_game":4,"minecraft:time_since_death":183340,"minecraft:sprint_one_cm":506930,"minecraft:walk_one_cm":525559,"minecraft:damage_blocked_by_shield":260,"minecraft:drop":99,"minecraft:talked_to_villager":7,"minecraft:play_time":183340,"minecraft:sneak_time":9101,"minecraft:walk_under_water_one_cm":4325,"minecraft:jump":2922,"minecraft:walk_on_water_one_cm":24241,"minecraft:total_world_time":183340,"minecraft:interact_with_furnace":36,"minecraft:interact_with_stonecutter":2,"minecraft:sleep_in_bed":10,"minecraft:time_since_rest":7069,"minecraft:damage_taken":1897,"minecraft:damage_dealt":7745,"minecraft:swim_one_cm":7439,"minecraft:fly_one_cm":620105,"minecraft:open_chest":85,"minecraft:crouch_one_cm":29002,"minecraft:fall_one_cm":57396}},"DataVersion":3465}