{"stats":{"minecraft:dropped":{"minecraft:bread":1,"minecraft:oak_slab":26,"minecraft:birch_planks":37,"minecraft:wheat_seeds":35,"minecraft:lilac":1,"minecraft:oak_log":388,"minecraft:diamond":1,"minecraft:dripstone_block":17,"minecraft:cobblestone":178,"minecraft:lead":1,"minecraft:granite":3,"minecraft:saddle":1,"minecraft:leather_helmet":1,"minecraft:emerald":44,"minecraft:torch":2,"gravestone:obituary":8,"minecraft:sand":64,"pokeballhv:poke_ball_has_entity":2,"minecraft:chainmail_leggings":3,"minecraft:string":10,"minecraft:white_wool":1,"minecraft:redstone":5,"minecraft:dandelion":1,"minecraft:bone":12,"minecraft:stone_axe":1,"minecraft:cobblestone_wall":4,"minecraft:cobbled_deepslate":26,"minecraft:tuff":3,"minecraft:obsidian":10,"minecraft:rotten_flesh":6,"minecraft:iron_boots":10,"minecraft:oak_planks":1,"sophisticatedbackpacks:backpack":1,"pokeballhv:poke_ball":7,"minecraft:poppy":2,"minecraft:leather_chestplate":4,"minecraft:tipped_arrow":2,"minecraft:gunpowder":12,"minecraft:diamond_pickaxe":1,"minecraft:andesite":11,"minecraft:acacia_slab":1,"minecraft:arrow":12,"minecraft:bow":3,"minecraft:calcite":1},"minecraft:used":{"minecraft:oak_fence":1,"minecraft:stone_sword":10,"minecraft:iron_shovel":249,"minecraft:stone_shovel":526,"minecraft:ladder":4,"minecraft:chest":8,"minecraft:shield":7,"minecraft:wooden_shovel":75,"ring_of_teleport:ring_of_teleport":4,"minecraft:rotten_flesh":10,"minecraft:oak_door":1,"minecraft:torch":73,"minecraft:dirt":92,"minecraft:carrot":17,"minecraft:golden_shovel":90,"minecraft:granite":4,"mcwfurnitures:stripped_acacia_coffee_table":5,"minecraft:glass":4,"minecraft:wooden_axe":54,"mcwfurnitures:acacia_chair":2,"minecraft:iron_axe":196,"minecraft:oak_stairs":60,"minecraft:birch_sapling":66,"minecraft:oak_sapling":255,"minecraft:furnace":5,"minecraft:egg":1,"minecraft:cobbled_deepslate":3,"minecraft:cooked_mutton":4,"minecraft:wheat_seeds":27,"minecraft:stripped_birch_log":4,"minecraft:birch_planks":412,"minecraft:oak_planks":320,"minecraft:stone_pickaxe":68,"minecraft:wooden_pickaxe":10,"minecraft:diamond_axe":1231,"minecraft:leather_chestplate":1,"minecraft:fletching_table":1,"minecraft:stonecutter":2,"minecraft:oak_slab":74,"minecraft:crafting_table":13,"minecraft:white_bed":7,"minecraft:oak_log":97,"minecraft:diamond_pickaxe":43,"minecraft:apple":43,"minecraft:diamond_shovel":436,"minecraft:birch_slab":9,"minecraft:bread":40,"minecraft:iron_pickaxe":406,"minecraft:leather_helmet":1,"justhammers:stone_hammer":154,"minecraft:lilac":2,"minecraft:stone_axe":155,"minecraft:cobblestone":131,"minecraft:birch_log":8,"minecraft:andesite":16,"minecraft:yellow_bed":2,"minecraft:stripped_oak_log":2,"minecraft:dandelion":1,"minecraft:birch_stairs":4},"minecraft:broken":{"minecraft:iron_shovel":1,"minecraft:wooden_shovel":1,"minecraft:golden_shovel":2,"minecraft:iron_axe":1,"minecraft:iron_pickaxe":1,"minecraft:stone_shovel":4},"minecraft:killed":{"minecraft:cave_spider":2,"moreanimals:erizo":1,"minecraft:spider":4,"minecraft:skeleton":6,"minecraft:creeper":5,"minecraft:sheep":1,"minecraft:zombie":31,"minecraft:stray":1,"moreanimals:escorpionnormal":1},"minecraft:crafted":{"minecraft:oak_planks":1028,"minecraft:stone_shovel":4,"minecraft:birch_slab":24,"minecraft:furnace":3,"minecraft:cooked_mutton":4,"minecraft:glass":16,"minecraft:iron_boots":1,"minecraft:iron_axe":1,"minecraft:ladder":3,"minecraft:stone_pickaxe":1,"minecraft:chest":6,"minecraft:oak_fence":3,"minecraft:oak_slab":60,"minecraft:wooden_shovel":2,"minecraft:emerald":84,"minecraft:diamond_axe":1,"minecraft:crafting_table":2,"minecraft:wooden_pickaxe":1,"minecraft:iron_helmet":1,"minecraft:golden_shovel":3,"minecraft:birch_planks":1172,"minecraft:stone_axe":2,"minecraft:bread":45,"minecraft:air":0,"minecraft:iron_chestplate":1,"minecraft:diamond_pickaxe":1,"minecraft:shield":1,"minecraft:stick":2520,"minecraft:iron_ingot":35,"minecraft:iron_pickaxe":2,"minecraft:oak_stairs":52,"minecraft:wooden_axe":1,"minecraft:stone_sword":1,"minecraft:iron_shovel":1,"minecraft:iron_leggings":1,"minecraft:gold_ingot":6,"minecraft:birch_stairs":12,"minecraft:torch":16},"minecraft:picked_up":{"pokeballhv:poke_ball":14,"minecraft:crafting_table":12,"minecraft:wheat":10,"minecraft:ladder":2,"minecraft:lead":1,"minecraft:oak_stairs":17,"gravestone:obituary":5,"minecraft:amethyst_block":9,"minecraft:string":17,"minecraft:raw_copper":117,"minecraft:beetroot":2,"minecraft:cobbled_deepslate":93,"mcwfurnitures:acacia_chair":5,"minecraft:calcite":1,"minecraft:poppy":2,"mcwfurnitures:stripped_acacia_coffee_table":5,"minecraft:chest":2,"minecraft:birch_sapling":66,"minecraft:iron_boots":10,"minecraft:furnace":4,"minecraft:egg":1,"minecraft:tipped_arrow":2,"minecraft:stick":203,"minecraft:raw_iron":37,"minecraft:oak_door":1,"minecraft:oak_fence":1,"minecraft:torch":56,"sophisticatedbackpacks:backpack":2,"minecraft:pointed_dripstone":8,"minecraft:carrot":10,"minecraft:redstone":31,"pokeballhv:poke_ball_has_entity":8,"minecraft:arrow":14,"minecraft:rotten_flesh":20,"minecraft:beetroot_seeds":6,"minecraft:saddle":1,"minecraft:obsidian":10,"minecraft:mutton":2,"minecraft:rail":2,"minecraft:white_wool":1,"minecraft:cobblestone":1044,"minecraft:oxeye_daisy":3,"minecraft:stripped_oak_log":2,"minecraft:birch_log":316,"minecraft:leather_chestplate":1,"minecraft:lilac":3,"minecraft:glow_ink_sac":3,"minecraft:andesite":40,"minecraft:potato":11,"minecraft:stripped_birch_log":10,"minecraft:birch_planks":37,"ring_of_teleport:ring_of_teleport":1,"minecraft:tuff":3,"minecraft:oak_log":737,"minecraft:cobblestone_wall":7,"minecraft:yellow_bed":4,"minecraft:gunpowder":7,"minecraft:lapis_lazuli":48,"minecraft:dirt":1281,"minecraft:glass":40,"minecraft:bone":28,"minecraft:apple":26,"minecraft:bow":3,"minecraft:stonecutter":2,"minecraft:wheat_seeds":99,"minecraft:raw_gold":14,"minecraft:fletching_table":1,"minecraft:oak_planks":85,"minecraft:oak_slab":56,"minecraft:pumpkin":8,"minecraft:dandelion":9,"minecraft:dripstone_block":17,"minecraft:sand":64,"minecraft:amethyst_shard":4,"justhammers:stone_hammer":4,"minecraft:white_bed":8,"minecraft:spider_eye":1,"minecraft:diamond_shovel":1,"minecraft:diamond":4,"minecraft:chainmail_leggings":3,"minecraft:granite":179,"minecraft:bread":57,"minecraft:acacia_slab":1,"minecraft:oak_sapling":258,"minecraft:coal":199,"minecraft:diamond_pickaxe":1},"minecraft:custom":{"minecraft:mob_kills":53,"minecraft:interact_with_crafting_table":47,"minecraft:damage_dealt_resisted":187,"minecraft:leave_game":4,"minecraft:time_since_death":52894,"minecraft:climb_one_cm":2470,"minecraft:sprint_one_cm":854450,"minecraft:walk_one_cm":797152,"minecraft:damage_blocked_by_shield":260,"minecraft:drop":166,"minecraft:talked_to_villager":63,"minecraft:play_time":268977,"minecraft:deaths":3,"minecraft:sneak_time":10889,"minecraft:walk_under_water_one_cm":6198,"minecraft:interact_with_brewingstand":1,"minecraft:jump":4402,"minecraft:walk_on_water_one_cm":25713,"minecraft:total_world_time":268977,"minecraft:interact_with_furnace":37,"minecraft:traded_with_villager":92,"minecraft:interact_with_stonecutter":2,"minecraft:sleep_in_bed":14,"minecraft:time_since_rest":22489,"minecraft:damage_taken":3400,"minecraft:damage_dealt":10010,"minecraft:swim_one_cm":8009,"minecraft:fly_one_cm":997885,"minecraft:open_chest":138,"minecraft:crouch_one_cm":36698,"minecraft:fall_one_cm":81393},"minecraft:mined":{"mcwfurnitures:acacia_chair":4,"minecraft:diamond_ore":1,"minecraft:tuff":3,"minecraft:white_bed":3,"minecraft:oak_sapling":1,"minecraft:deepslate_diamond_ore":3,"minecraft:oak_door":1,"minecraft:stripped_birch_log":10,"minecraft:ladder":2,"gravestone:gravestone":3,"minecraft:granite":41,"minecraft:budding_amethyst":1,"minecraft:grass_block":403,"minecraft:oxeye_daisy":1,"minecraft:furnace":4,"minecraft:carrots":4,"minecraft:iron_ore":6,"minecraft:cobbled_deepslate":3,"minecraft:andesite":16,"minecraft:pumpkin":8,"minecraft:deepslate_lapis_ore":7,"minecraft:fletching_table":1,"minecraft:potatoes":4,"minecraft:dirt_path":3,"minecraft:rail":2,"minecraft:oak_stairs":18,"minecraft:stripped_oak_log":2,"minecraft:stone":251,"minecraft:deepslate_redstone_ore":6,"minecraft:oak_slab":60,"minecraft:amethyst_cluster":1,"minecraft:dandelion":1,"minecraft:oak_fence":1,"mcwfurnitures:stripped_acacia_coffee_table":5,"minecraft:crafting_table":12,"minecraft:torch":24,"minecraft:calcite":1,"minecraft:poppy":2,"minecraft:chest":2,"minecraft:tall_grass":44,"minecraft:cobblestone":11,"minecraft:deepslate_gold_ore":14,"minecraft:oak_planks":86,"minecraft:wall_torch":27,"minecraft:amethyst_block":6,"minecraft:seagrass":2,"minecraft:birch_planks":17,"minecraft:cobblestone_wall":4,"minecraft:birch_log":318,"minecraft:wheat":17,"minecraft:lilac":1,"minecraft:birch_leaves":6,"minecraft:yellow_bed":1,"minecraft:grass":217,"minecraft:oak_log":692,"minecraft:coal_ore":52,"minecraft:beetroots":2,"minecraft:dripstone_block":10,"minecraft:sand":64,"minecraft:dirt":916,"minecraft:stonecutter":2,"minecraft:oak_leaves":32,"minecraft:deepslate":78}},"DataVersion":3465}