{"stats":{"minecraft:crafted":{"minecraft:oak_planks":168,"minecraft:stone_shovel":4,"minecraft:birch_slab":6,"minecraft:furnace":3,"minecraft:cooked_mutton":4,"minecraft:glass":16,"minecraft:iron_boots":1,"minecraft:iron_axe":1,"minecraft:stone_pickaxe":1,"minecraft:chest":4,"minecraft:oak_fence":3,"minecraft:oak_slab":30,"minecraft:wooden_shovel":2,"minecraft:diamond_axe":1,"minecraft:crafting_table":1,"minecraft:wooden_pickaxe":1,"minecraft:iron_helmet":1,"minecraft:birch_planks":312,"minecraft:stone_axe":2,"minecraft:bread":3,"minecraft:air":0,"minecraft:iron_chestplate":1,"minecraft:shield":1,"minecraft:stick":32,"minecraft:iron_ingot":35,"minecraft:iron_pickaxe":2,"minecraft:wooden_axe":1,"minecraft:stone_sword":1,"minecraft:iron_shovel":1,"minecraft:iron_leggings":1,"minecraft:torch":12},"minecraft:used":{"minecraft:oak_fence":1,"minecraft:stone_sword":10,"minecraft:iron_shovel":161,"minecraft:stone_shovel":526,"minecraft:chest":4,"minecraft:shield":7,"minecraft:wooden_shovel":75,"minecraft:rotten_flesh":10,"minecraft:oak_door":1,"minecraft:torch":44,"minecraft:dirt":50,"minecraft:carrot":17,"minecraft:granite":4,"minecraft:wooden_axe":54,"minecraft:iron_axe":196,"minecraft:oak_stairs":2,"minecraft:birch_sapling":2,"minecraft:oak_sapling":31,"minecraft:furnace":5,"minecraft:cobbled_deepslate":3,"minecraft:wheat_seeds":27,"minecraft:cooked_mutton":4,"minecraft:birch_planks":260,"minecraft:stone_pickaxe":68,"minecraft:oak_planks":10,"minecraft:wooden_pickaxe":10,"minecraft:leather_chestplate":1,"minecraft:diamond_axe":120,"minecraft:fletching_table":1,"minecraft:stonecutter":1,"minecraft:oak_slab":4,"minecraft:crafting_table":10,"minecraft:white_bed":3,"minecraft:oak_log":48,"minecraft:apple":4,"minecraft:birch_slab":4,"minecraft:bread":33,"minecraft:iron_pickaxe":340,"minecraft:leather_helmet":1,"justhammers:stone_hammer":76,"minecraft:lilac":1,"minecraft:stone_axe":155,"minecraft:cobblestone":126,"minecraft:andesite":16,"minecraft:dandelion":1},"minecraft:dropped":{"minecraft:oak_slab":26,"minecraft:birch_planks":37,"minecraft:wheat_seeds":28,"minecraft:lilac":1,"minecraft:oak_log":4,"minecraft:diamond":1,"minecraft:dripstone_block":17,"minecraft:cobblestone":178,"minecraft:lead":1,"minecraft:granite":3,"minecraft:leather_helmet":1,"minecraft:torch":2,"minecraft:sand":64,"minecraft:string":4,"minecraft:white_wool":1,"minecraft:dandelion":1,"minecraft:stone_axe":1,"minecraft:cobblestone_wall":4,"minecraft:cobbled_deepslate":26,"minecraft:tuff":3,"minecraft:obsidian":10,"minecraft:rotten_flesh":5,"minecraft:oak_planks":1,"pokeballhv:poke_ball":2,"minecraft:poppy":1,"minecraft:leather_chestplate":4,"minecraft:gunpowder":4,"minecraft:andesite":11,"minecraft:arrow":3,"minecraft:bow":3,"minecraft:calcite":1},"minecraft:picked_up":{"pokeballhv:poke_ball":4,"minecraft:crafting_table":10,"minecraft:wheat":10,"minecraft:lead":1,"minecraft:oak_stairs":1,"minecraft:amethyst_block":9,"minecraft:string":9,"minecraft:raw_copper":113,"minecraft:beetroot":2,"minecraft:cobbled_deepslate":93,"minecraft:calcite":1,"minecraft:poppy":1,"minecraft:birch_sapling":6,"minecraft:furnace":4,"minecraft:stick":32,"minecraft:raw_iron":37,"minecraft:oak_door":1,"minecraft:torch":32,"minecraft:pointed_dripstone":8,"minecraft:carrot":10,"minecraft:redstone":30,"pokeballhv:poke_ball_has_entity":2,"minecraft:arrow":5,"minecraft:rotten_flesh":17,"minecraft:beetroot_seeds":6,"minecraft:obsidian":10,"minecraft:mutton":2,"minecraft:rail":2,"minecraft:white_wool":1,"minecraft:cobblestone":549,"minecraft:oxeye_daisy":1,"minecraft:birch_log":102,"minecraft:leather_chestplate":1,"minecraft:lilac":2,"minecraft:glow_ink_sac":3,"minecraft:andesite":31,"minecraft:potato":11,"minecraft:birch_planks":31,"minecraft:tuff":3,"minecraft:oak_log":195,"minecraft:cobblestone_wall":7,"minecraft:yellow_bed":1,"minecraft:gunpowder":4,"minecraft:lapis_lazuli":48,"minecraft:dirt":697,"minecraft:glass":40,"minecraft:bone":14,"minecraft:apple":10,"minecraft:stonecutter":1,"minecraft:bow":3,"minecraft:wheat_seeds":82,"minecraft:raw_gold":14,"minecraft:fletching_table":1,"minecraft:oak_planks":22,"minecraft:oak_slab":1,"minecraft:dandelion":2,"minecraft:dripstone_block":17,"minecraft:sand":64,"minecraft:amethyst_shard":4,"justhammers:stone_hammer":2,"minecraft:white_bed":3,"minecraft:spider_eye":1,"minecraft:diamond":4,"minecraft:granite":41,"minecraft:bread":24,"minecraft:oak_sapling":42,"minecraft:coal":184},"minecraft:mined":{"minecraft:diamond_ore":1,"minecraft:tuff":3,"minecraft:white_bed":3,"minecraft:deepslate_diamond_ore":3,"minecraft:oak_door":1,"minecraft:granite":17,"minecraft:budding_amethyst":1,"minecraft:grass_block":160,"minecraft:oxeye_daisy":1,"minecraft:furnace":4,"minecraft:carrots":4,"minecraft:iron_ore":6,"minecraft:cobbled_deepslate":3,"minecraft:andesite":15,"minecraft:fletching_table":1,"minecraft:deepslate_lapis_ore":7,"minecraft:potatoes":4,"minecraft:dirt_path":3,"minecraft:rail":2,"minecraft:stone":173,"minecraft:deepslate_redstone_ore":6,"minecraft:amethyst_cluster":1,"minecraft:dandelion":1,"minecraft:crafting_table":10,"minecraft:torch":13,"minecraft:calcite":1,"minecraft:poppy":1,"minecraft:tall_grass":42,"minecraft:cobblestone":6,"minecraft:deepslate_gold_ore":14,"minecraft:oak_planks":21,"minecraft:wall_torch":16,"minecraft:amethyst_block":6,"minecraft:birch_planks":11,"minecraft:cobblestone_wall":4,"minecraft:birch_log":104,"minecraft:wheat":17,"minecraft:lilac":1,"minecraft:birch_leaves":6,"minecraft:yellow_bed":1,"minecraft:grass":155,"minecraft:oak_log":201,"minecraft:coal_ore":52,"minecraft:beetroots":2,"minecraft:dripstone_block":10,"minecraft:sand":64,"minecraft:dirt":549,"minecraft:stonecutter":1,"minecraft:oak_leaves":23,"minecraft:deepslate":78},"minecraft:killed":{"minecraft:cave_spider":2,"minecraft:spider":3,"minecraft:skeleton":5,"minecraft:creeper":3,"minecraft:sheep":1,"minecraft:zombie":24},"minecraft:broken":{"minecraft:wooden_shovel":1,"minecraft:iron_axe":1,"minecraft:iron_pickaxe":1,"minecraft:stone_shovel":4},"minecraft:custom":{"minecraft:mob_kills":39,"minecraft:interact_with_crafting_table":33,"minecraft:leave_game":4,"minecraft:time_since_death":159340,"minecraft:sprint_one_cm":420850,"minecraft:walk_one_cm":443920,"minecraft:damage_blocked_by_shield":260,"minecraft:drop":96,"minecraft:talked_to_villager":6,"minecraft:play_time":159340,"minecraft:sneak_time":7777,"minecraft:walk_under_water_one_cm":4325,"minecraft:jump":2627,"minecraft:walk_on_water_one_cm":24241,"minecraft:total_world_time":159340,"minecraft:interact_with_furnace":33,"minecraft:interact_with_stonecutter":1,"minecraft:sleep_in_bed":9,"minecraft:time_since_rest":4226,"minecraft:damage_taken":1803,"minecraft:damage_dealt":7224,"minecraft:swim_one_cm":7439,"minecraft:fly_one_cm":550492,"minecraft:open_chest":67,"minecraft:crouch_one_cm":21135,"minecraft:fall_one_cm":51776}},"DataVersion":3465}